run_id,phase,history_index,ema_tau,epoch,epoch_seconds,examples_per_second,grad_norm,lr,peak_gpu_memory_mib,step,train_clip_covariance_loss,train_clip_variance_loss,train_cosine,train_covariance_loss,train_examples,train_loss,train_variance_loss,val_context_shuffle_batches,val_context_shuffle_loss_gap,val_context_shuffle_pairing,val_context_shuffle_pairs,val_context_shuffle_status,val_context_shuffle_subjects,val_context_shuffle_unique_sources,val_cosine,val_effective_rank,val_effective_rank_ratio,val_feature_std,val_health_issues,val_loss,val_max_feature_norm,val_mean_feature_norm,val_min_feature_norm,val_near_zero_variance_fraction,val_representation_source,val_representations_healthy,val_subject_balanced_context_shuffle_loss_gap,val_subject_balanced_cosine,val_subject_balanced_loss
phase0-job-91108,phase0,0,0.990097460887407,1,100.1744324080646,24.91653748366093,0.34820935473992276,2.7185929648241205e-05,2149.01806640625,39,,,0.08931731047806142,3.54470870968623,2496,0.8033445597841189,0.423926159261893,,,,,,,,,,,,,,,,,,,,,,
phase0-job-91108,phase0,1,0.9901974865350089,2,101.83108733035624,24.511178908485768,0.5972630137052292,4.482412060301508e-05,2267.49169921875,78,,,0.5084620526967905,4.870070860171929,2496,0.6945211407847893,0.17044168459967926,,,,,,,,,,,,,,,,,,,,,,
phase0-job-91108,phase0,2,0.990297512182611,3,78.75204632151872,31.694414514762606,1.6092115732339711,6.246231155778895e-05,2189.21630859375,117,,,0.7147324534180837,3.442129236765397,2496,0.6034574395953081,0.028278882851083882,,,,,,,,,,,,,,,,,,,,,,
phase0-job-91108,phase0,3,0.9903975378302129,4,72.53906037006527,34.40904786009643,2.335336987788861,8.010050251256282e-05,2211.49462890625,156,,,0.7153971025194877,2.3186542162528405,2496,0.5867581336926191,0.01922496047635109,,,,,,,,,,,,,,,,,,,,,,
phase0-job-91108,phase0,4,0.9904975634778148,5,104.40706319455057,23.906428584711655,2.717630835679861,9.773869346733669e-05,2212.75048828125,195,,,0.6662887604190753,1.8225800670110262,2496,0.6066898493430554,0.018054932794676952,117,1.508032536914206e-05,global_seeded_cross_subject_permutation_v1,1872,complete,80,1872,0.658174202992366,6.142617702484131,0.015996400266885757,0.04008103534579277,"[""effective_rank_below_threshold"",""context_shuffle_gap_below_threshold""]",0.6072732632995671,4.7575531005859375,4.508116245269775,4.311391830444336,0.0,context_encoder_final_norm_full_view_mean_pool,false,1.5125485757986711e-05,0.6581808044264716,0.607276892879357
phase0-job-91108,phase0,5,0.9905975891254167,6,50.002741657197475,49.91726287953896,2.168072746350215,9.997937475231581e-05,2258.79736328125,234,,,0.6386792405675619,1.5030375955960689,2496,0.6214005754162104,0.012863793719309168,,,,,,,,,,,,,,,,,,,,,,
phase0-job-91108,phase0,6,0.9906976147730188,7,44.20782557502389,56.46059193217062,1.5980226045999772,9.99049442977617e-05,2169.45068359375,273,,,0.6486611744532218,1.2478622396787007,2496,0.6186030711501073,0.008554689021996008,,,,,,,,,,,,,,,,,,,,,,
phase0-job-91108,phase0,7,0.9907976404206207,8,42.23741952795535,59.094519217680705,1.1199724597808642,9.977634416699127e-05,2199.30224609375,312,,,0.670826103633795,1.055475187798341,2496,0.6048342881676478,0.0058680152407107064,,,,,,,,,,,,,,,,,,,,,,
phase0-job-91108,phase0,8,0.9908976660682226,9,38.72637201938778,64.45220323634796,0.7020262044209701,9.959371536264192e-05,2255.94091796875,351,,,0.6910483434032171,0.8536688496287053,2496,0.5864894894453195,0.0031778548804234164,,,,,,,,,,,,,,,,,,,,,,
phase0-job-91108,phase0,9,0.9909976917158245,10,63.94435325264931,39.0339392461771,0.5822685934030093,9.93572581266801e-05,2174.10986328125,390,,,0.7000957228816472,0.7044154380758604,2496,0.5735817656685145,0.002068038440110962,117,5.117326210706662e-05,global_seeded_cross_subject_permutation_v1,1872,complete,80,1872,0.7241120847881349,7.405828952789307,0.01928601289788882,0.033425893634557724,"[""effective_rank_below_threshold"",""context_shuffle_gap_below_threshold""]",0.5560964386687319,3.018153667449951,2.8397958278656006,2.6759426593780518,0.0,context_encoder_final_norm_full_view_mean_pool,false,5.1089469343423845e-05,0.7241074527924263,0.5560976463059586
phase0-job-91108,phase0,10,0.9910977173634266,11,37.08065075892955,67.31273451016573,0.5317014241829897,9.906723172084758e-05,2268.04345703125,429,,,0.7054667581732457,0.5961213815861788,2496,0.5639918524867449,0.0015127254769023962,,,,,,,,,,,,,,,,,,,,,,
phase0-job-91108,phase0,11,0.9911977430110285,12,33.25930991116911,75.0466563096607,0.5284922696076907,9.87239541423959e-05,2265.51025390625,468,,,0.7076105192685739,0.5009394981540166,2496,0.5572021120251753,0.0011241157690864594,,,,,,,,,,,,,,,,,,,,,,
phase0-job-91108,phase0,12,0.9912977686586304,13,32.75773381348699,76.19574706270885,0.47545465674155796,9.83278017754206e-05,2262.19677734375,507,,,0.7096467961867651,0.4421821519350394,2496,0.5510778268560385,0.0009006101916337428,,,,,,,,,,,,,,,,,,,,,,
phase0-job-91108,phase0,13,0.9913977943062323,14,32.280602659098804,77.32197649341167,0.5384247715656574,9.78792089781779e-05,2290.60400390625,546,,,0.7108508105843495,0.38946128770326954,2496,0.5461046172258182,0.0007646789522718441,,,,,,,,,,,,,,,,,,,,,,
phase0-job-91108,phase0,14,0.9914978199538343,15,58.20435880124569,42.88338625159084,0.5046271582444509,9.737866760683574e-05,2210.65869140625,585,,,0.7130738852115778,0.34204133972525597,2496,0.5400427837784474,0.0005858345802362936,117,5.630121972316351e-05,global_seeded_cross_subject_permutation_v1,1872,complete,80,1872,0.737281872675969,8.656643867492676,0.022543343404928844,0.02895231544971466,"[""effective_rank_below_threshold"",""context_shuffle_gap_below_threshold""]",0.52168341477712,2.588989019393921,2.4577343463897705,2.358391761779785,0.0,context_encoder_final_norm_full_view_mean_pool,false,5.625186798473201e-05,0.7372715863399207,0.5216898270727448
phase0-job-91108,phase0,15,0.9915978456014363,16,30.087869500741363,82.9570202682014,0.5359996626010308,9.682672647618183e-05,2105.51220703125,624,,,0.7153045668815955,0.31011946494571674,2496,0.5342072636271135,0.0005130841541708483,,,,,,,,,,,,,,,,,,,,,,
phase0-job-91108,phase0,16,0.9916978712490382,17,29.49200827628374,84.6330970959065,0.5357627685253437,9.622399075787997e-05,2205.16162109375,663,,,0.7180558569156207,0.28417711762281567,2496,0.5278813575322812,0.000460932346845183,,,,,,,,,,,,,,,,,,,,,,
phase0-job-91108,phase0,17,0.9917978968966401,18,28.72156576719135,86.90334016717087,0.47770429574526274,9.557112131693398e-05,2211.97509765625,702,,,0.7211941868448869,0.26639847070551836,2496,0.52118198095988,0.00040469606840186036,,,,,,,,,,,,,,,,,,,,,,
phase0-job-91108,phase0,18,0.9918979225442421,19,28.348243622109294,88.04778289873754,0.5423268133249038,9.486883398708744e-05,2213.41845703125,741,,,0.72434934343283,0.23319110622963843,2496,0.5145209613136756,0.00030417153488880827,,,,,,,,,,,,,,,,,,,,,,
phase0-job-91108,phase0,19,0.9919979481918441,20,54.95159382838756,45.421794457772144,0.5915217200915018,9.411789878595315e-05,2282.68701171875,780,,,0.7273719096795107,0.21785967892561203,2496,0.5080589368366278,0.0002597052647359259,117,6.88770037685704e-05,global_seeded_cross_subject_permutation_v1,1872,complete,80,1872,0.752661912359743,9.520612716674805,0.024793262283007305,0.025988074019551277,"[""effective_rank_below_threshold"",""context_shuffle_gap_below_threshold""]",0.4869358537034092,2.2429559230804443,2.1583611965179443,2.065117835998535,0.0,context_encoder_final_norm_full_view_mean_pool,false,6.868015043437484e-05,0.7526487343944609,0.4869464163668452
phase0-job-91108,phase0,20,0.992097973839446,21,28.096102718263865,88.83794400343916,0.5041967790860397,9.331913907073319e-05,2201.88427734375,819,,,0.7290824567660307,0.20929812384435,2496,0.5025946517021228,0.0002539607361751013,,,,,,,,,,,,,,,,,,,,,,
phase0-job-91108,phase0,21,0.9921979994870479,22,27.323444825597107,91.35012133103001,0.5954354527669076,9.24734306354551e-05,2168.73681640625,858,,,0.7320286811162264,0.19466894399374723,2496,0.49644732121855784,0.00020594832715932382,,,,,,,,,,,,,,,,,,,,,,
phase0-job-91108,phase0,22,0.9922980251346499,23,27.175548350438476,91.84727269577716,0.6120823575900152,9.158170075071427e-05,2208.42724609375,897,,,0.7345507282477158,0.19449243646783707,2496,0.49081851637516266,0.00022674290401844188,,,,,,,,,,,,,,,,,,,,,,
phase0-job-91108,phase0,23,0.9923980507822519,24,26.64201712422073,93.68659994332194,0.6179446898973905,9.064492714697497e-05,2313.12353515625,936,,,0.7382641434669495,0.1839326282676596,2496,0.4840315075065845,0.0002016270095970331,,,,,,,,,,,,,,,,,,,,,,
phase0-job-91108,phase0,24,0.9924980764298538,25,53.12627265788615,46.982403905377126,0.6467571441943829,8.966413694254544e-05,2214.55908203125,975,,,0.7401503966404841,0.1765240574351106,2496,0.4789289728953288,0.00018647408453431033,117,7.568347530487257e-05,global_seeded_cross_subject_permutation_v1,1872,complete,80,1872,0.7666077486470214,10.18460750579834,0.026522415379683178,0.02358834445476532,"[""effective_rank_below_threshold"",""context_shuffle_gap_below_threshold""]",0.45498289078728765,2.098090171813965,2.0123329162597656,1.914860486984253,0.0,context_encoder_final_norm_full_view_mean_pool,false,7.550301961600783e-05,0.7665955199860033,0.45499465367756764
phase0-job-91108,phase0,25,0.9925981020774558,26,26.725370016880333,93.3944038351376,0.6154165397851895,8.864040551740158e-05,2173.46044921875,1014,,,0.7410344496751443,0.17632461661616197,2496,0.4748195020052103,0.00018185001740296988,,,,,,,,,,,,,,,,,,,,,,
phase0-job-91108,phase0,26,0.9926981277250577,27,26.24319924414158,95.11035513542414,0.6357433131107917,8.757485533409488e-05,2201.22802734375,1053,,,0.7426995338919835,0.1751893640567477,2496,0.4703126611808936,0.00016489141707628127,,,,,,,,,,,,,,,,,,,,,,
phase0-job-91108,phase0,27,0.9927981533726596,28,26.767215196043253,93.24840039276705,0.6401077249111273,8.646865470703685e-05,2203.65966796875,1092,,,0.7455703106064063,0.15851193647354078,2496,0.46492928935167116,0.00013942421147324543,,,,,,,,,,,,,,,,,,,,,,
phase0-job-91108,phase0,28,0.9928981790202616,29,25.953373505733907,96.17246865609036,0.6499280677391932,8.532301652150948e-05,2241.88232421875,1131,,,0.7464348352872409,0.1587072583870628,2496,0.46137188212611735,0.00014946478560226787,,,,,,,,,,,,,,,,,,,,,,
phase0-job-91108,phase0,29,0.9929982046678636,30,52.90601768158376,47.17799806861746,0.7133286717610482,8.413919690380651e-05,2351.21044921875,1170,,,0.7507309690117836,0.1515322435551729,2496,0.45521467962326145,0.00012970236480068474,117,8.314290744626624e-05,global_seeded_cross_subject_permutation_v1,1872,complete,80,1872,0.7758478690416385,10.628045082092285,0.027677200734615326,0.022165372967720032,"[""effective_rank_below_threshold"",""context_shuffle_gap_below_threshold""]",0.43109682176867103,2.2524287700653076,2.1703860759735107,2.085096597671509,0.0,context_encoder_final_norm_full_view_mean_pool,false,8.306501743694146e-05,0.7758361625485124,0.4311090927571059
phase0-job-91108,phase0,30,0.9930982303154655,31,26.29495044052601,94.92316806778015,0.6329826666758611,8.291849384396313e-05,2175.52587890625,1209,,,0.7494180974287864,0.15498194970095006,2496,0.45399808377409595,0.00014144589917937841,,,,,,,,,,,,,,,,,,,,,,
phase0-job-91108,phase0,31,0.9931982559630674,32,25.905796804465353,96.3490920136364,0.724909123701927,8.166224577258481e-05,2158.05029296875,1248,,,0.7513480604841158,0.14847087437430254,2496,0.45005532678885335,0.0001366340667907013,,,,,,,,,,,,,,,,,,,,,,
phase0-job-91108,phase0,32,0.9932982816106694,33,25.744564055465162,96.9525059590255,0.6944092298165346,8.037183009333509e-05,2239.66162109375,1287,,,0.7516485020900384,0.1494857868514,2496,0.4476980456174948,0.00014004938132818377,,,,,,,,,,,,,,,,,,,,,,
phase0-job-91108,phase0,33,0.9933983072582714,34,25.646224948577583,97.32426526729174,0.6855250597000122,7.904866167269186e-05,2265.69873046875,1326,,,0.7534281903734574,0.14107773140168342,2496,0.44422204142961746,0.00011686073783153871,,,,,,,,,,,,,,,,,,,,,,
phase0-job-91108,phase0,34,0.9934983329058733,35,51.98921635374427,48.009956199700206,0.7179829722795731,7.769419128862778e-05,2247.70361328125,1365,,,0.7524932588522251,0.14311810480191922,2496,0.4435320484141509,0.00012983505774162753,117,9.064939923775502e-05,global_seeded_cross_subject_permutation_v1,1872,complete,80,1872,0.7809755277429891,10.942840576171875,0.028496980667114258,0.021021658554673195,"[""effective_rank_below_threshold"",""context_shuffle_gap_below_threshold""]",0.41569877842552644,2.3303163051605225,2.2632081508636475,2.1683363914489746,0.0,context_encoder_final_norm_full_view_mean_pool,false,9.066456307967502e-05,0.7809647216461597,0.4157106236089021
phase0-job-91108,phase0,35,0.9935983585534752,36,24.96512373443693,99.97947643083434,0.6780117108271673,7.630990403991567e-05,2176.32763671875,1404,,,0.7540610291254826,0.1391351385973394,2496,0.44022963559016204,0.00011489697416121859,,,,,,,,,,,,,,,,,,,,,,
phase0-job-91108,phase0,36,0.9936983842010771,37,25.430577046237886,98.14956205916097,0.704127339216379,7.489731771780334e-05,2228.65869140625,1443,,,0.7547802296586525,0.14204822757687324,2496,0.43823701554001904,0.00012448579301258762,,,,,,,,,,,,,,,,,,,,,,
phase0-job-91108,phase0,37,0.9937984098486792,38,24.66579673346132,101.19275801109464,0.6950814296037723,7.345798114184286e-05,2183.55029296875,1482,,,0.7551216813616264,0.13934562869895345,2496,0.4364153238443228,0.00012518323134399405,,,,,,,,,,,,,,,,,,,,,,
phase0-job-91108,phase0,38,0.9938984354962811,39,24.79928132891655,100.64807793803303,0.7403509555718838,7.199347246169904e-05,2278.39013671875,1521,,,0.7558325036213949,0.1317669410401812,2496,0.4344238980840414,0.00010402904815575125,,,,,,,,,,,,,,,,,,,,,,
phase0-job-91108,phase0,39,0.993998461143883,40,51.275353288277984,48.67835792309614,0.6744607763412671,7.050539742679939e-05,2235.78271484375,1560,,,0.7559262025050628,0.1344772316634846,2496,0.433277292511402,0.00012160890699237533,117,9.607009462311736e-05,global_seeded_cross_subject_permutation_v1,1872,complete,80,1872,0.7834728854334253,11.104723930358887,0.02891855190197627,0.020317597314715385,"[""effective_rank_below_threshold"",""context_shuffle_gap_below_threshold""]",0.4059078955752218,2.3281362056732178,2.264813184738159,2.1661744117736816,0.0,context_encoder_final_norm_full_view_mean_pool,false,9.590731933712958e-05,0.7834611228046316,0.4059212566042939
phase0-job-91108,phase0,40,0.9940984867914849,41,25.028940566815436,99.72455659227207,0.7196727119959317,6.899538762572213e-05,2194.05419921875,1599,,,0.7567531178012873,0.13012485539254087,2496,0.4313328048357597,0.00010721703219801909,,,,,,,,,,,,,,,,,,,,,,
phase0-job-91108,phase0,41,0.994198512439087,42,25.001266133971512,99.83494382344324,0.7181123602084625,6.746509869725345e-05,2229.04052734375,1638,,,0.7568498674111489,0.12897162638509121,2496,0.4301767283334182,0.0001057864773274676,,,,,,,,,,,,,,,,,,,,,,
phase0-job-91108,phase0,42,0.9942985380866889,43,25.380000171251595,98.34515300071851,0.6827447658930069,6.591620851507485e-05,2191.66455078125,1677,,,0.7565440115256187,0.13127956634912735,2496,0.42952811784851247,0.00012365843017556554,,,,,,,,,,,,,,,,,,,,,,
phase0-job-91108,phase0,43,0.9943985637342908,44,25.11638473533094,99.37735969177541,0.7087667828951126,6.435041534807124e-05,2188.33251953125,1716,,,0.7580101688702902,0.1226763273947514,2496,0.4271396941099411,8.504238701516734e-05,,,,,,,,,,,,,,,,,,,,,,
phase0-job-91108,phase0,44,0.9944985893818928,45,51.789559124968946,48.19504244044859,0.7316735921761929,6.276943599827701e-05,2432.90869140625,1755,,,0.757707244119583,0.12274784937453194,2496,0.42652956081124455,9.889045639783653e-05,117,0.00010734046689974956,global_seeded_cross_subject_permutation_v1,1872,complete,80,1872,0.7848203747700422,11.282930374145508,0.029382631182670593,0.019687103107571602,"[""effective_rank_below_threshold"",""context_shuffle_gap_below_threshold""]",0.39915929288945645,2.5618903636932373,2.508012533187866,2.4229767322540283,0.0,context_encoder_final_norm_full_view_mean_pool,false,0.00010743788443505766,0.7848089299475156,0.3991721939450751
phase0-job-91108,phase0,45,0.9945986150294948,46,24.925998046062887,100.13641160476013,0.667895210094941,6.11750039185014e-05,2189.42822265625,1794,,,0.7582804650450364,0.11826866706355642,2496,0.4251504063797303,9.262407790599489e-05,,,,,,,,,,,,,,,,,,,,,,
phase0-job-91108,phase0,46,0.9946986406770967,47,24.819516371935606,100.56602081184485,0.6375899727527912,5.9568867311697304e-05,2164.26904296875,1833,,,0.757064201319829,0.120593899813218,2496,0.42548272386193275,9.365163266795735e-05,,,,,,,,,,,,,,,,,,,,,,
phase0-job-91108,phase0,47,0.9947986663246986,48,24.72338995244354,100.95702914532185,0.6687866571622018,5.7952787214157505e-05,2166.31884765625,1872,,,0.7589752009281745,0.12380868647820674,2496,0.4228818855033471,0.00010497573523247038,,,,,,,,,,,,,,,,,,,,,,
phase0-job-91108,phase0,48,0.9948986919723006,49,24.836700313724577,100.49644149471534,0.7086336734967355,5.632853556463969e-05,2198.75146484375,1911,,,0.7581980587580265,0.11887107793098459,2496,0.4231547126785303,9.811359949160247e-05,,,,,,,,,,,,,,,,,,,,,,
phase0-job-91108,phase0,49,0.9949987176199026,50,51.60206142067909,48.370160634701875,0.6526313485243381,5.469789326153771e-05,2211.97705078125,1950,,,0.7570218233725964,0.12269263603509618,2496,0.42349025014883435,0.00010403705515453036,117,0.00011449049298579876,global_seeded_cross_subject_permutation_v1,1872,complete,80,1872,0.7848623496854407,11.337327003479004,0.029524289071559906,0.019269892945885658,"[""effective_rank_below_threshold"",""context_shuffle_gap_below_threshold""]",0.39547574163502097,2.635100841522217,2.574002742767334,2.4862382411956787,0.0,context_encoder_final_norm_full_view_mean_pool,false,0.00011444099557896456,0.7848504305817187,0.39548886618576945
phase0-job-91108,phase0,50,0.9950987432675045,51,25.747870221734047,96.94005673110392,0.6587306841825827,5.3062648210229045e-05,2246.50927734375,1989,,,0.7581971260981683,0.11595732989744881,2496,0.421988167346288,8.838335489226045e-05,,,,,,,,,,,,,,,,,,,,,,
phase0-job-91108,phase0,51,0.9951987689151064,52,24.875400749966502,100.34009200850205,0.645391047000885,5.14245933627395e-05,2265.51025390625,2028,,,0.7577004509094434,0.11412113366457514,2496,0.4217367955507376,8.923711006248461e-05,,,,,,,,,,,,,,,,,,,,,,
phase0-job-91108,phase0,52,0.9952987945627084,53,24.694810112006962,101.07386890925757,0.6148833968700507,4.9785524751874595e-05,2197.05810546875,2067,,,0.7578618438580097,0.11048462461584653,2496,0.420998302121193,7.77267006679512e-05,,,,,,,,,,,,,,,,,,,,,,
phase0-job-91108,phase0,53,0.9953988202103103,54,26.871199736371636,92.88755338383822,0.6029308316035148,4.814723952197297e-05,2293.10791015625,2106,,,0.7582893625665934,0.11140330643273699,2496,0.41996575815555376,8.58136885193371e-05,,,,,,,,,,,,,,,,,,,,,,
phase0-job-91108,phase0,54,0.9954988458579123,55,53.89007685799152,46.31650473569256,0.5694742111059335,4.65115339584412e-05,2296.25927734375,2145,,,0.7575019038258455,0.11667223363064039,2496,0.4203132974604766,9.21070733786914e-05,117,0.0001263990520666807,global_seeded_cross_subject_permutation_v1,1872,complete,80,1872,0.7848340293281099,11.23035717010498,0.029245721797148388,0.01901080459356308,"[""effective_rank_below_threshold"",""context_shuffle_gap_below_threshold""]",0.3921922916530544,2.971801996231079,2.904033899307251,2.8123040199279785,0.0,context_encoder_final_norm_full_view_mean_pool,false,0.00012667637007931864,0.7848218540040155,0.3922054751155276
phase0-job-91108,phase0,55,0.9955988715055142,56,24.698037452995777,101.06066138859323,0.5623342303129343,4.488020151823022e-05,2180.44580078125,2184,,,0.7567911673432741,0.11153462021731031,2496,0.4206774707597036,8.345823043225227e-05,,,,,,,,,,,,,,,,,,,,,,
phase0-job-91108,phase0,56,0.9956988971531162,57,24.412930015474558,102.24090260439313,0.602364447636482,4.3255030863413094e-05,2238.82177734375,2223,,,0.7590305488079022,0.10889700826448508,2496,0.4180714074426737,8.082952682979083e-05,,,,,,,,,,,,,,,,,,,,,,
phase0-job-91108,phase0,57,0.9957989228007181,58,26.56732549984008,93.94999131602556,0.5312730922148778,4.1637803900020074e-05,2169.95849609375,2262,,,0.758320210644832,0.11331823841931346,2496,0.4182070736319591,9.69510712750959e-05,,,,,,,,,,,,,,,,,,,,,,
phase0-job-91108,phase0,58,0.99589894844832,59,27.03025939874351,92.34095622907805,0.5434763836554992,4.003029382428121e-05,2237.58154296875,2301,,,0.7572146896750499,0.11263556719924776,2496,0.41899174757492846,8.57150575241369e-05,,,,,,,,,,,,,,,,,,,,,,
phase0-job-91108,phase0,59,0.995998974095922,60,53.68835830502212,46.49052567074898,0.5189684522457612,3.843426317841885e-05,2242.56103515625,2340,,,0.7579836262724339,0.10797983384094177,2496,0.41784481666026974,7.662159575420702e-05,117,0.00013555525841875974,global_seeded_cross_subject_permutation_v1,1872,complete,80,1872,0.784745379900321,11.009832382202148,0.028671438495318096,0.01886270008981228,"[""effective_rank_below_threshold"",""context_shuffle_gap_below_threshold""]",0.3901532060570187,3.1470279693603516,3.0840182304382324,2.9872121810913086,0.0,context_encoder_final_norm_full_view_mean_pool,false,0.00013572559691965577,0.7847336505539715,0.39016594855735703
phase0-job-91108,phase0,60,0.996098999743524,61,27.522574353031814,90.6891909159307,0.5130311831449851,3.685146191812156e-05,2188.17626953125,2379,,,0.7579699997336437,0.10820352560721147,2496,0.4176464841151849,7.859415211013808e-05,,,,,,,,,,,,,,,,,,,,,,
phase0-job-91108,phase0,61,0.9961990253911259,62,26.16335923783481,95.40059352892791,0.5053133758214804,3.528362549381854e-05,2187.19091796875,2418,,,0.7582741190607731,0.11082008974149059,2496,0.4170138224577292,8.052964398840546e-05,,,,,,,,,,,,,,,,,,,,,,
phase0-job-91108,phase0,62,0.9962990510387278,63,27.161230478435755,91.89568940853623,0.5313090972411327,3.373247294785808e-05,2180.93896484375,2457,,,0.7579505330859087,0.10497956049556915,2496,0.41700443272025156,7.206141036990975e-05,,,,,,,,,,,,,,,,,,,,,,
phase0-job-91108,phase0,63,0.9963990766863299,64,26.947180362418294,92.6256464101539,0.49462626301325285,3.219970502967676e-05,2177.26513671875,2496,,,0.7581015534890003,0.10603628089078344,2496,0.41650305974941987,7.276123880837432e-05,,,,,,,,,,,,,,,,,,,,,,
phase0-job-91108,phase0,64,0.9964991023339318,65,56.68842480704188,44.03015268982998,0.4634612928598355,3.068700233102551e-05,2301.12744140625,2535,,,0.7577540196287327,0.10309230691442887,2496,0.41668689394226444,7.125192656509682e-05,117,0.00014395171251052464,global_seeded_cross_subject_permutation_v1,1872,complete,80,1872,0.7843309039743538,10.937488555908203,0.02848304311434428,0.018711045384407043,"[""effective_rank_below_threshold"",""context_shuffle_gap_below_threshold""]",0.38885998165505564,3.293883800506592,3.2243754863739014,3.1247212886810303,0.0,context_encoder_final_norm_full_view_mean_pool,false,0.00014412337914109232,0.784319147374481,0.388872787853082
phase0-job-91108,phase0,65,0.9965991279815337,66,27.121468278579414,92.03041569734428,0.4369401244016794,2.9196023443297586e-05,2187.11181640625,2574,,,0.7593180267856672,0.10441666522708076,2496,0.41486377144853276,7.10260010332757e-05,,,,,,,,,,,,,,,,,,,,,,
phase0-job-91108,phase0,66,0.9966991536291356,67,26.95953042153269,92.58321495119345,0.4172349205383888,2.7728403138978678e-05,2240.79833984375,2613,,,0.7577068301347586,0.10332582603232601,2496,0.4162803799487077,6.864953293594649e-05,,,,,,,,,,,,,,,,,,,,,,
phase0-job-91108,phase0,67,0.9967991792767377,68,27.45860527548939,90.90046544454411,0.4235362930175586,2.628575057921294e-05,2177.77490234375,2652,,,0.7576761247637944,0.1060140796769888,2496,0.416215903006303,7.696591994296945e-05,,,,,,,,,,,,,,,,,,,,,,
phase0-job-91108,phase0,68,0.9968992049243396,69,26.28965659905225,94.94228236096403,0.3927350158874805,2.4869647549450498e-05,2148.20556640625,2691,,,0.7579650118564948,0.1058846638442423,2496,0.415584495720955,7.150266923070184e-05,,,,,,,,,,,,,,,,,,,,,,
phase0-job-91108,phase0,69,0.9969992305719415,70,56.16362717933953,44.44157411753107,0.4034396257155981,2.3481646725110806e-05,2284.68212890625,2730,,,0.7583213129486793,0.09798775809124494,2496,0.41513959490335905,5.982906202015524e-05,117,0.00014899298548698425,global_seeded_cross_subject_permutation_v1,1872,complete,80,1872,0.7840096751848856,10.704642295837402,0.0278766726454099,0.01869289018213749,"[""effective_rank_below_threshold"",""context_shuffle_gap_below_threshold""]",0.38804845601065546,3.5298991203308105,3.4587178230285645,3.3570616245269775,0.0,context_encoder_final_norm_full_view_mean_pool,false,0.00014914801965157192,0.7839980987211067,0.38806073715289435
phase0-job-91108,phase0,70,0.9970992562195434,71,26.684089054353535,93.5388873465319,0.36089050158476216,2.2123269969163515e-05,2197.64794921875,2769,,,0.7583412793584359,0.10136021236674143,2496,0.4146800129077373,7.654483354567441e-05,,,,,,,,,,,,,,,,,,,,,,
phase0-job-91108,phase0,71,0.9971992818671455,72,26.643612413667142,93.68099044706297,0.33697014512159884,2.079600666349326e-05,2216.13037109375,2808,,,0.7587160800512021,0.10469758992966934,2496,0.414134788303039,7.730951200867454e-05,,,,,,,,,,,,,,,,,,,,,,
phase0-job-91108,phase0,72,0.9972993075147474,73,27.056860237382352,92.25017160533179,0.3531094392140706,1.9501312075878267e-05,2251.77685546875,2847,,,0.7575424537062645,0.10501486126285715,2496,0.4153873140995319,7.528580014638263e-05,,,,,,,,,,,,,,,,,,,,,,
phase0-job-91108,phase0,73,0.9973993331623493,74,26.91734776366502,92.7283037658443,0.338818833614007,1.8240605764373045e-05,2204.52685546875,2886,,,0.7582854382120646,0.10291203328718741,2496,0.4144031565922957,7.376062755797673e-05,,,,,,,,,,,,,,,,,,,,,,
phase0-job-91108,phase0,74,0.9974993588099512,75,56.279922624118626,44.34974114428411,0.31540166796782076,1.701527002084471e-05,2210.90380859375,2925,,,0.7585301567346622,0.1020876972649533,2496,0.41387307987763333,7.157028760683095e-05,117,0.00014985125097963546,global_seeded_cross_subject_permutation_v1,1872,complete,80,1872,0.7837222671916342,10.622624397277832,0.027663084367911022,0.01856842450797558,"[""effective_rank_below_threshold"",""context_shuffle_gap_below_threshold""]",0.3875093831975236,3.5079586505889893,3.439333200454712,3.332270383834839,0.0,context_encoder_final_norm_full_view_mean_pool,false,0.0001497882418334484,0.7837108035882314,0.3875218377138179
phase0-job-91108,phase0,75,0.9975993844575533,76,26.321238124743104,94.82836590630028,0.28954832370464617,1.5826648355369542e-05,2219.21142578125,2964,,,0.758876770352706,0.10008983398811558,2496,0.4134673551680186,6.554595991713742e-05,,,,,,,,,,,,,,,,,,,,,,
phase0-job-91108,phase0,76,0.9976994101051552,77,26.787996243685484,93.17606204265321,0.30169329658532756,1.467604402315164e-05,2270.50146484375,3003,,,0.7569186079960603,0.10025302603697547,2496,0.4153847669561704,6.789515742661605e-05,,,,,,,,,,,,,,,,,,,,,,
phase0-job-91108,phase0,77,0.9977994357527571,78,26.74094242695719,93.34001622485135,0.2874275231972719,1.3564718595578532e-05,2142.82080078125,3042,,,0.7574278859373851,0.10327420110265031,2496,0.41486550848453474,7.243742970180333e-05,,,,,,,,,,,,,,,,,,,,,,
phase0-job-91108,phase0,78,0.997899461400359,79,26.463111244142056,94.31997534124115,0.26670821698812336,1.2493890576980873e-05,2194.98779296875,3081,,,0.7568339682542361,0.09829522823341764,2496,0.41522068444352883,6.456860034467272e-05,,,,,,,,,,,,,,,,,,,,,,
phase0-job-91108,phase0,79,0.997999487047961,80,55.98903675656766,44.58015612685483,0.25596299117956406,1.1464734068612605e-05,2228.26904296875,3120,,,0.757138980122713,0.10163259729504204,2496,0.41479216945859104,6.733725405379431e-05,117,0.00015377646519078148,global_seeded_cross_subject_permutation_v1,1872,complete,80,1872,0.7833213220294725,10.451756477355957,0.027218115826447804,0.01855556108057499,"[""effective_rank_below_threshold"",""context_shuffle_gap_below_threshold""]",0.38738191306081593,3.646932601928711,3.5792758464813232,3.4718093872070312,0.0,context_encoder_final_norm_full_view_mean_pool,false,0.0001537602084378401,0.7833099361198649,0.3873943766579033
phase0-job-91108,phase0,80,0.998099512695563,81,26.602997315116227,93.82401428059141,0.2478579389743316,1.0478377481316536e-05,2188.12353515625,3159,,,0.7580322436033151,0.09606254515118706,2496,0.41393630913434887,5.889814073390412e-05,,,,,,,,,,,,,,,,,,,,,,
phase0-job-91108,phase0,81,0.9981995383431649,82,26.81415962986648,93.08514734207348,0.2478446249778454,9.535902298286847e-06,2148.39599609375,3198,,,0.7584172829221456,0.10182060796815233,2496,0.4135620906375922,7.159799964530687e-05,,,,,,,,,,,,,,,,,,,,,,
phase0-job-91108,phase0,82,0.9982995639907669,83,26.503972597420216,94.17456159922796,0.23691956775310713,8.638341889285072e-06,2180.69287109375,3237,,,0.7568391995170177,0.10554496628733781,2496,0.4149829316406678,7.324071799268531e-05,,,,,,,,,,,,,,,,,,,,,,
phase0-job-91108,phase0,83,0.9983995896383688,84,26.84177410043776,92.98938254454995,0.22453719530350122,7.786680377609617e-06,2258.37451171875,3276,,,0.758242144034459,0.1015163381369068,2496,0.41357953884662724,7.221330573842649e-05,,,,,,,,,,,,,,,,,,,,,,
phase0-job-91108,phase0,84,0.9984996152859708,85,55.62334573920816,44.87324462110884,0.2080712467432022,6.981851561061257e-06,2217.76611328125,3315,,,0.7573982353011767,0.09699940827125922,2496,0.4143620222233809,6.100503522120061e-05,117,0.0001579587562726094,global_seeded_cross_subject_permutation_v1,1872,complete,80,1872,0.7829954420399462,10.249418258666992,0.026691193381945293,0.018583498895168304,"[""effective_rank_below_threshold"",""context_shuffle_gap_below_threshold""]",0.387455088715268,3.7972564697265625,3.731100559234619,3.6261138916015625,0.0,context_encoder_final_norm_full_view_mean_pool,false,0.00015794215723872177,0.7829841080742574,0.38746741418726727
phase0-job-91108,phase0,85,0.9985996409335727,86,25.629388567991555,97.38819922989676,0.19927918185026217,6.2247378880876434e-06,2192.36865234375,3354,,,0.7580633700276033,0.10134704717888664,2496,0.41371157402411485,6.897243818887597e-05,,,,,,,,,,,,,,,,,,,,,,
phase0-job-91108,phase0,86,0.9986996665811747,87,25.725950172170997,97.02265546250042,0.1783143293399077,5.516169490229411e-06,2211.44873046875,3393,,,0.7574936348276261,0.09937546617136551,2496,0.4142028102890039,5.9535760036087646e-05,,,,,,,,,,,,,,,,,,,,,,
phase0-job-91108,phase0,87,0.9987996922287766,88,25.33663489483297,98.51347704067135,0.16982588515831873,4.856923271928705e-06,2216.95458984375,3432,,,0.7568912691412828,0.09966987272342429,2496,0.41481302468440473,6.51109452605671e-05,,,,,,,,,,,,,,,,,,,,,,
phase0-job-91108,phase0,88,0.9988997178763785,89,26.248453492298722,95.09131655060457,0.16952072351406783,4.247722058698223e-06,2191.04541015625,3471,,,0.7569323013990353,0.09968626857377015,2496,0.41488141490098757,6.839465049228266e-05,,,,,,,,,,,,,,,,,,,,,,
phase0-job-91108,phase0,89,0.9989997435239805,90,52.70383027289063,47.3589867581953,0.16410943063405845,3.689233804584682e-06,2191.44677734375,3510,,,0.7573060368498167,0.09709019302271116,2496,0.4143373945202583,5.9042214918902365e-05,117,0.00015672937863402895,global_seeded_cross_subject_permutation_v1,1872,complete,80,1872,0.7827873632439182,10.165152549743652,0.026471751431624096,0.018593423068523407,"[""effective_rank_below_threshold"",""context_shuffle_gap_below_threshold""]",0.3875383536020915,3.8651108741760254,3.7946465015411377,3.683807373046875,0.0,context_encoder_final_norm_full_view_mean_pool,false,0.0001568373292684555,0.7827760443091393,0.3875503808725626
phase0-job-91108,phase0,90,0.9990997691715825,91,24.880410213023424,100.31988936796112,0.16308059333226618,3.182070859795651e-06,2188.44189453125,3549,,,0.7567646260827016,0.09759333662879772,2496,0.4148494439820449,5.652335413795748e-05,,,,,,,,,,,,,,,,,,,,,,
phase0-job-91108,phase0,91,0.9991997948191844,92,24.420793468132615,102.20798121310436,0.14824568537565377,2.7267892992928275e-06,2220.41748046875,3588,,,0.7561785846184461,0.10236935556316987,2496,0.4156577968253539,7.376384859843672e-05,,,,,,,,,,,,,,,,,,,,,,
phase0-job-91108,phase0,92,0.9992998204667863,93,24.183003418147564,103.21298627973297,0.14458104757926402,2.32388831308788e-06,2186.39794921875,3627,,,0.7576683490322187,0.09866388761796631,2496,0.4139970603088538,5.620947867625613e-05,,,,,,,,,,,,,,,,,,,,,,
phase0-job-91108,phase0,93,0.9993998461143883,94,24.415344785898924,102.23079059041444,0.14317596340790772,1.9738096589092998e-06,2198.42138671875,3666,,,0.7566135848561922,0.09696702406001396,2496,0.4149902120996744,6.037695661539817e-05,,,,,,,,,,,,,,,,,,,,,,
phase0-job-91108,phase0,94,0.9994998717619903,95,51.81521587818861,48.171178247482324,0.1340361279554856,1.6769371778405413e-06,2192.17236328125,3705,,,0.7568803847982333,0.09764078643937142,2496,0.41480102132146174,6.259598294296353e-05,117,0.0001583750017433085,global_seeded_cross_subject_permutation_v1,1872,complete,80,1872,0.7826770319897904,10.164773941040039,0.026470765471458435,0.01856675185263157,"[""effective_rank_below_threshold"",""context_shuffle_gap_below_threshold""]",0.38759464025497437,3.904409170150757,3.8372130393981934,3.7287464141845703,0.0,context_encoder_final_norm_full_view_mean_pool,false,0.00015838703451057277,0.7826656726809842,0.38760683645183847
phase0-job-91108,phase0,95,0.9995998974095922,96,25.4479077225551,98.08271969595891,0.1303949889082175,1.4335963734603588e-06,2197.47412109375,3744,,,0.7564841833634254,0.09705558243709114,2496,0.41502510632077855,5.7307652178293594e-05,,,,,,,,,,,,,,,,,,,,,,
phase0-job-91108,phase0,96,0.9996999230571941,97,24.416239918209612,102.22704267164762,0.13398954692559364,1.2440540549468842e-06,2184.54443359375,3783,,,0.7568940738072762,0.0940561652637254,2496,0.4148567316050713,5.599729733623677e-05,,,,,,,,,,,,,,,,,,,,,,
phase0-job-91108,phase0,97,0.999799948704796,98,24.53190107550472,101.74507031957152,0.12443450074165295,1.1085180445367066e-06,2181.50537109375,3822,,,0.7573479713919835,0.09847251098985091,2496,0.41443415501943004,6.722770940638994e-05,,,,,,,,,,,,,,,,,,,,,,
phase0-job-91108,phase0,98,0.9998999743523981,99,23.793042708188295,104.90461563123283,0.12036800327209327,1.0271369496598035e-06,2229.97021484375,3861,,,0.7563762330473998,0.10287033519349419,2496,0.4152403433735554,7.17995093474964e-05,,,,,,,,,,,,,,,,,,,,,,
phase0-job-91108,phase0,99,1.0,100,56.18785813823342,44.42240873213815,0.12165196029803692,1e-06,2228.07177734375,3900,,,0.7569178526218121,0.09754444326823339,2496,0.4147232251289563,6.264346502595831e-05,117,0.00015955055371308938,global_seeded_cross_subject_permutation_v1,1872,complete,80,1872,0.7826866741873261,10.167006492614746,0.026476579407850902,0.0185603778809309,"[""effective_rank_below_threshold"",""context_shuffle_gap_below_threshold""]",0.3874717606947972,3.9195210933685303,3.852487087249756,3.7454278469085693,0.0,context_encoder_final_norm_full_view_mean_pool,false,0.00015955910397072635,0.7826754206481079,0.38748371621283395
a00-baseline,phase1,0,0.9902437459910198,1,91.01714417058975,27.42340492821713,0.3656583772255824,5.4415584415584414e-05,2148.67431640625,39,,,0.15419837613080745,3.709705420793631,2496,0.7889322048196425,0.400426236482767,,,,,,,,,,,,,,,,,,,,,,
a00-baseline,phase1,1,0.9904939063502245,2,81.31231389567256,30.696457650959026,0.9220170569725525,0.0001,2267.49169921875,78,,,0.668019557897097,4.705329615336198,2496,0.6264174544276335,0.10556921951520519,,,,,,,,,,,,,,,,,,,,,,
a00-baseline,phase1,2,0.9907440667094292,3,70.48091607913375,35.413841630514135,1.2512340622070508,9.983093240383017e-05,2189.21630859375,117,,,0.7849291146565707,2.8501717196061063,2496,0.5293717954594356,0.021723185447999872,,,,,,,,,,,,,,,,,,,,,,
a00-baseline,phase1,3,0.9909942270686337,4,64.88775094784796,38.46642800127412,1.2532082077784417,9.932488451843476e-05,2211.49462890625,156,,,0.7523587395747503,1.9529529691506655,2496,0.5310374037004434,0.014041810791987257,,,,,,,,,,,,,,,,,,,,,,
a00-baseline,phase1,4,0.9912443874278384,5,95.59700731094927,26.109603953199475,1.1978058127256541,9.848531316399685e-05,2212.75048828125,195,,,0.714962611404749,1.4692343496359312,2496,0.5590771430960069,0.00967985603850908,117,3.9972938024080715e-05,global_seeded_cross_subject_permutation_v1,1872,complete,80,1872,0.7214727218334491,5.129334449768066,0.013357641796271006,0.04478621855378151,"[""effective_rank_below_threshold"",""context_shuffle_gap_below_threshold""]",0.5577175505140908,4.207687854766846,3.9676003456115723,3.802640199661255,0.0,context_encoder_final_norm_full_view_mean_pool,false,3.983906159798306e-05,0.7214702813886105,0.557719514146447
a00-baseline,phase1,5,0.9914945477870429,6,48.53269315045327,51.42924981027328,0.7614222184205667,9.731795346418142e-05,2258.79736328125,234,,,0.7059948471112129,1.1599643734785228,2496,0.5715621679257123,0.005745678286378582,,,,,,,,,,,,,,,,,,,,,,
a00-baseline,phase1,6,0.9917447081462476,7,44.288501114584506,56.35774382028138,0.6886482972365159,9.583077966942534e-05,2169.45068359375,273,,,0.7086139210523703,0.9353010637255815,2496,0.5716576440594135,0.0040231810066287815,,,,,,,,,,,,,,,,,,,,,,
a00-baseline,phase1,7,0.9919948685054522,8,46.29026462882757,53.92062499564108,0.5865193628347837,9.403395068472121e-05,2199.30224609375,312,,,0.7100860277811686,0.7864696570695975,2496,0.5682712883139268,0.0028644693878819593,,,,,,,,,,,,,,,,,,,,,,
a00-baseline,phase1,8,0.9922450288646568,9,38.935344316996634,64.10627782506623,0.6186240835067554,9.193974067399516e-05,2256.19091796875,351,,,0.708788503247958,0.6641749267776808,2496,0.5651883782866673,0.0022535474388113916,,,,,,,,,,,,,,,,,,,,,,
a00-baseline,phase1,9,0.9924951892238615,10,63.832835416309536,39.10213268330334,0.4715133362855667,8.956245521512149e-05,2176.82861328125,390,,,0.7083462010591458,0.5804358229805262,2496,0.5615300719554608,0.001597624054109194,117,9.207927391060397e-05,global_seeded_cross_subject_permutation_v1,1872,complete,80,1872,0.7290914124912686,6.913115501403809,0.018002904951572418,0.0356329083442688,"[""effective_rank_below_threshold"",""context_shuffle_gap_below_threshold""]",0.5470775442245679,2.782886266708374,2.587710380554199,2.4480884075164795,0.0,context_encoder_final_norm_full_view_mean_pool,false,9.20389468471209e-05,0.72908854673927,0.5470776577790578
a00-baseline,phase1,10,0.992745349583066,11,35.808362738229334,69.70438772212412,0.4940730020021781,8.691833357832002e-05,2267.57470703125,429,,,0.7085291796769851,0.5123167615861465,2496,0.5577487318943708,0.001332413176080594,,,,,,,,,,,,,,,,,,,,,,
a00-baseline,phase1,11,0.9929955099422707,12,33.548339841887355,74.40010479694665,0.4365557585007105,8.40254377954742e-05,2267.32275390625,468,,,0.7085826354913223,0.4418118840608841,2496,0.5541935228766539,0.0009648667035388569,,,,,,,,,,,,,,,,,,,,,,
a00-baseline,phase1,12,0.9932456703014753,13,33.22007451951504,75.13529202150741,0.4723911873805217,8.090352927813856e-05,2264.05615234375,507,,,0.7090915393752929,0.399142544143475,2496,0.5505246157065417,0.0008632006826631438,,,,,,,,,,,,,,,,,,,,,,
a00-baseline,phase1,13,0.9934958306606799,14,32.290752248838544,77.29767274436222,0.4361094274582007,7.757393382706015e-05,2290.60400390625,546,,,0.7099435514746568,0.3584778414895901,2496,0.546962297306611,0.0006778743765887787,,,,,,,,,,,,,,,,,,,,,,
a00-baseline,phase1,14,0.9937459910198846,15,58.65151386614889,42.55644629559311,0.43423132789440644,7.405939595533515e-05,2213.84619140625,585,,,0.7112798226567415,0.32466257019684863,2496,0.5428016535364665,0.0006090500953807629,117,9.867348350011386e-05,global_seeded_cross_subject_permutation_v1,1872,complete,80,1872,0.734519879023234,8.135499954223633,0.02118619779745738,0.03091554529964924,"[""effective_rank_below_threshold"",""context_shuffle_gap_below_threshold""]",0.5259524064186292,2.3632593154907227,2.222334146499634,2.1241488456726074,0.0,context_encoder_final_norm_full_view_mean_pool,false,9.809494949877267e-05,0.7345132292248311,0.5259566688289244
a00-baseline,phase1,15,0.9939961513790891,16,30.508911543525755,81.81216155283232,0.38291674241041523,7.038392352032199e-05,2102.51220703125,624,,,0.7129644480271217,0.29889089370576233,2496,0.5386199571001224,0.0004980380626175946,,,,,,,,,,,,,,,,,,,,,,
a00-baseline,phase1,16,0.9942463117382938,17,29.328002442605793,85.10637589057123,0.39359441552406704,6.657262372563184e-05,2205.16162109375,663,,,0.7144827747192138,0.27618240393125093,2496,0.5344918672090921,0.00041008751731379353,,,,,,,,,,,,,,,,,,,,,,
a00-baseline,phase1,17,0.9944964720974984,18,29.087534327059984,85.80995459893566,0.41075205420836425,6.265153161346956e-05,2211.97509765625,702,,,0.7164123442310554,0.2643763498427012,2496,0.5301444639380162,0.0003888550966691512,,,,,,,,,,,,,,,,,,,,,,
a00-baseline,phase1,18,0.994746632456703,19,28.9115053685382,86.33241224153527,0.36548170294517124,5.864743221889633e-05,2214.26220703125,741,,,0.7186405945282716,0.23504250950347155,2496,0.5255579021878731,0.0002962238847652397,,,,,,,,,,,,,,,,,,,,,,
a00-baseline,phase1,19,0.9949967928159076,20,56.04898017179221,44.532478420653995,0.375690941627209,5.458767760088046e-05,2282.68701171875,780,,,0.7204052555637482,0.22405974165751383,2496,0.5215217320200725,0.0002747139389542169,117,0.00011967740252486661,global_seeded_cross_subject_permutation_v1,1872,complete,80,1872,0.7438343478064252,8.852665901184082,0.023053817451000214,0.028706587851047516,"[""effective_rank_below_threshold"",""context_shuffle_gap_below_threshold""]",0.5035298785083314,2.219355821609497,2.077228546142578,1.9681499004364014,0.0,context_encoder_final_norm_full_view_mean_pool,false,0.00011933135489622754,0.7438273242674768,0.5035363713900247
a00-baseline,phase1,20,0.9952469531751122,21,28.254483168944716,88.33996308038728,0.37774243568762755,5.05e-05,2201.88427734375,819,,,0.72018707715548,0.2152590050529211,2496,0.5192512491574655,0.0002534487450644426,,,,,,,,,,,,,,,,,,,,,,
a00-baseline,phase1,21,0.9954971135343169,22,27.61665616184473,90.38023956891936,0.32675813482357907,4.6412322399119556e-05,2168.73681640625,858,,,0.7220525298363123,0.20270074841876826,2496,0.5154534234450414,0.0002038867631327799,,,,,,,,,,,,,,,,,,,,,,
a00-baseline,phase1,22,0.9957472738935215,23,27.311823667027056,91.38899073273397,0.35389429330825806,4.2352567781103665e-05,2208.42724609375,897,,,0.723062989803461,0.20282468849267715,2496,0.5126269219013361,0.00023560624199985678,,,,,,,,,,,,,,,,,,,,,,
a00-baseline,phase1,23,0.9959974342527261,24,26.683706229552627,93.54022932675073,0.33332985945236987,3.834846838653045e-05,2313.12353515625,936,,,0.7249932879438767,0.19284502488489336,2496,0.5090942301620276,0.00020597091830810453,,,,,,,,,,,,,,,,,,,,,,
a00-baseline,phase1,24,0.9962475946119307,25,54.39989179931581,45.88244420058557,0.3120520015557607,3.442737627436817e-05,2214.55908203125,975,,,0.7252890647221835,0.18442848682976687,2496,0.5069875377110946,0.0001762120550862479,117,0.0001281833546793359,global_seeded_cross_subject_permutation_v1,1872,complete,80,1872,0.749588129357395,9.353195190429688,0.024357279141743977,0.02713645249605179,"[""effective_rank_below_threshold"",""context_shuffle_gap_below_threshold""]",0.4878665906751258,2.2633485794067383,2.1271047592163086,2.0357048511505127,0.0,context_encoder_final_norm_full_view_mean_pool,false,0.00012774503168960408,0.7495822808084389,0.4878736009821293
a00-baseline,phase1,25,0.9964977549711354,26,26.80544714163989,93.11540250797327,0.288789227222785,3.0616076479678025e-05,2172.96044921875,1014,,,0.7246253851514596,0.18592347180805144,2496,0.505878399962034,0.00019208111134525133,,,,,,,,,,,,,,,,,,,,,,
a00-baseline,phase1,26,0.9967479153303399,27,26.74276406876743,93.33365816568865,0.2538561408336346,2.6940604044664862e-05,2201.22802734375,1053,,,0.7249574837012168,0.18513510598299596,2496,0.5041135672766429,0.0001631909019597544,,,,,,,,,,,,,,,,,,,,,,
a00-baseline,phase1,27,0.9969980756895446,28,26.956580600701272,92.59334620263621,0.2527942752990967,2.3426066172939882e-05,2203.65966796875,1092,,,0.7263455981245408,0.17016271602075833,2496,0.5017879952987035,0.00014369267964626104,,,,,,,,,,,,,,,,,,,,,,
a00-baseline,phase1,28,0.9972482360487492,29,26.507524012587965,94.16194431493084,0.23076330354580513,2.0096470721861445e-05,2241.88232421875,1131,,,0.7259487104721558,0.1717655822300376,2496,0.5010133688457501,0.00015397101307785424,,,,,,,,,,,,,,,,,,,,,,
a00-baseline,phase1,29,0.9974983964079538,30,54.24701151158661,46.01175125503236,0.20986577830253503,1.697456220452583e-05,2351.58544921875,1170,,,0.7289057966226187,0.16465078714566353,2496,0.49780383935341466,0.00013232086131582268,117,0.0001342344838075149,global_seeded_cross_subject_permutation_v1,1872,complete,80,1872,0.7518762100456108,9.651238441467285,0.025133433441321056,0.026431052014231682,"[""effective_rank_below_threshold"",""context_shuffle_gap_below_threshold""]",0.47955498532352286,2.5486979484558105,2.414827346801758,2.2812604904174805,0.0,context_encoder_final_norm_full_view_mean_pool,false,0.00013392193553348378,0.7518708463447791,0.47956208065152167
a00-baseline,phase1,30,0.9977485567671585,31,26.147736391052604,95.45759383034384,0.19321205218633017,1.4081666421679987e-05,2175.52587890625,1209,,,0.7265110059808462,0.16962814973428464,2496,0.49906183215670097,0.00014452180655743482,,,,,,,,,,,,,,,,,,,,,,
a00-baseline,phase1,31,0.997998717126363,32,25.62795619480312,97.39364235787727,0.19057650749499983,1.1437544784878526e-05,2158.05029296875,1248,,,0.7274723454163625,0.16348778437345457,2496,0.4974265537964992,0.00013985034929821547,,,,,,,,,,,,,,,,,,,,,,
a00-baseline,phase1,32,0.9982488774855677,33,26.036384101957083,95.86584643342938,0.1786913669262177,9.060259326004838e-06,2239.66162109375,1287,,,0.7267352533646119,0.16528970886690494,2496,0.49753829492972446,0.00015388292150092663,,,,,,,,,,,,,,,,,,,,,,
a00-baseline,phase1,33,0.9984990378447723,34,26.05111202597618,95.81164894270844,0.16372548234768403,6.966049315278797e-06,2265.69873046875,1326,,,0.7274878068994253,0.1587906724606187,2496,0.4966386759128326,0.0001167406675936269,,,,,,,,,,,,,,,,,,,,,,
a00-baseline,phase1,34,0.9987491982039769,35,52.35136609245092,47.67783892386189,0.14795599763210004,5.169220330574654e-06,2247.70361328125,1365,,,0.7257944137240068,0.1614631126419856,2496,0.4977562789542553,0.00014463100227219574,117,0.00013385189330985403,global_seeded_cross_subject_permutation_v1,1872,complete,80,1872,0.7517131531340444,9.81167221069336,0.02555122971534729,0.025958888232707977,"[""effective_rank_below_threshold"",""context_shuffle_gap_below_threshold""]",0.47734548571782237,2.709684371948242,2.5866894721984863,2.461102247238159,0.0,context_encoder_final_norm_full_view_mean_pool,false,0.00013353425698975726,0.751707842759788,0.4773524320994813
a00-baseline,phase1,35,0.9989993585631816,36,25.360170871950686,98.42204978045598,0.13560322404671937,3.6820465358185858e-06,2176.32763671875,1404,,,0.7263542165358862,0.16005269715037101,2496,0.4969995440198825,0.0001269272703788023,,,,,,,,,,,,,,,,,,,,,,
a00-baseline,phase1,36,0.9992495189223861,37,25.91018468886614,96.332775314896,0.1294527374781095,2.5146868360031467e-06,2229.17431640625,1443,,,0.7263038916847645,0.1638004326572021,2496,0.49705219755952174,0.00013024096017086816,,,,,,,,,,,,,,,,,,,,,,
a00-baseline,phase1,37,0.9994996792815908,38,25.658468332141638,97.2778253046902,0.12152217958982174,1.675115481565245e-06,2183.55029296875,1482,,,0.7261098802853854,0.1624491649130598,2496,0.4971073548763226,0.00014463971778420014,,,,,,,,,,,,,,,,,,,,,,
a00-baseline,phase1,38,0.9997498396407953,39,25.534020053222775,97.75194014876507,0.11049654544928135,1.1690675961698425e-06,2276.95263671875,1521,,,0.7263551952365117,0.15575732071048173,2496,0.4966991193210467,0.00012063603340095597,,,,,,,,,,,,,,,,,,,,,,
a00-baseline,phase1,39,1.0,40,52.859757349826396,47.219285996366715,0.11075052389731774,1e-06,2232.95458984375,1560,,,0.7259222307266333,0.16093794691065946,2496,0.49718366257655316,0.00014209270872451605,117,0.00013465523465066892,global_seeded_cross_subject_permutation_v1,1872,complete,80,1872,0.7513563199939891,9.834110260009766,0.025609662135442097,0.025917699560523033,"[""effective_rank_below_threshold"",""context_shuffle_gap_below_threshold""]",0.4771663564392644,2.783522367477417,2.656757116317749,2.5343921184539795,0.0,context_encoder_final_norm_full_view_mean_pool,false,0.00013414093603690466,0.7513509266699355,0.4771735851187257
a01-lr3e-5,phase1,0,0.9902437459910198,1,113.55989217571914,21.97959114066228,0.36554032334914577,1.6324675324675326e-05,2149.01806640625,39,,,0.0321995504081991,3.1074227637205367,2496,0.8164469643663137,0.48293221569978273,,,,,,,,,,,,,,,,,,,,,,
a01-lr3e-5,phase1,1,0.9904939063502245,2,102.45747995655984,24.361325313273955,0.4592652236803984,2.9999999999999997e-05,2267.49169921875,78,,,0.31691787561449486,4.5082915753890305,2496,0.7505935111489052,0.2759873271943667,,,,,,,,,,,,,,,,,,,,,,
a01-lr3e-5,phase1,2,0.9907440667094292,3,94.20117971673608,26.496483457059643,0.9548386044991322,2.994927972114905e-05,2189.21630859375,117,,,0.6385252439440825,4.521365762521059,2496,0.6474011267224947,0.05542367374978195,,,,,,,,,,,,,,,,,,,,,,
a01-lr3e-5,phase1,3,0.9909942270686337,4,88.96132172923535,28.057137096016636,1.6404475951806092,2.9797465355530426e-05,2211.49462890625,156,,,0.693014933512761,2.924541156261395,2496,0.6141601090247815,0.019640107457048427,,,,,,,,,,,,,,,,,,,,,,
a01-lr3e-5,phase1,4,0.9912443874278384,5,113.02397462446243,22.083810167650718,1.9158560037612915,2.9545593949199057e-05,2212.75048828125,195,,,0.6620423738390971,2.269111053301738,2496,0.6228896742447828,0.014730052168791493,117,8.995461667704785e-06,global_seeded_cross_subject_permutation_v1,1872,complete,80,1872,0.6506936295419676,6.219374656677246,0.01619628816843033,0.046701591461896896,"[""effective_rank_below_threshold"",""context_shuffle_gap_below_threshold""]",0.6224214913498642,4.719003677368164,4.4516777992248535,4.273473262786865,0.0,context_encoder_final_norm_full_view_mean_pool,false,8.872741212447482e-06,0.6507012903379901,0.6224299080048997
a01-lr3e-5,phase1,5,0.9914945477870429,6,62.30894974805415,40.058450833990314,2.321050225160061,2.9195386039254424e-05,2258.79736328125,234,,,0.610440785304094,1.9041277708915563,2496,0.6445979149295733,0.012906093520518297,,,,,,,,,,,,,,,,,,,,,,
a01-lr3e-5,phase1,6,0.9917447081462476,7,55.09271200187504,45.30544802214584,2.4679019084343543,2.8749233900827603e-05,2169.45068359375,273,,,0.5609813353572136,1.66936578697119,2496,0.667085527227475,0.011715122832892796,,,,,,,,,,,,,,,,,,,,,,
a01-lr3e-5,phase1,7,0.9919948685054522,8,51.619835088029504,48.35350589058382,2.4664460237209616,2.821018520541636e-05,2199.30224609375,312,,,0.5311310316125551,1.5213891600187008,2496,0.6809572554551638,0.010783464279181013,,,,,,,,,,,,,,,,,,,,,,
a01-lr3e-5,phase1,8,0.9922450288646568,9,47.28891655802727,52.78192400405725,2.13764212681697,2.758192220219855e-05,2255.94091796875,351,,,0.5286756175068709,1.3683404735265634,2496,0.6836308076595649,0.008759089181414591,,,,,,,,,,,,,,,,,,,,,,
a01-lr3e-5,phase1,9,0.9924951892238615,10,72.52635941281915,34.415073639541156,2.1751259687619333,2.6868736564536445e-05,2174.10986328125,390,,,0.5396982742807804,1.2541163154901602,2496,0.6800993232008739,0.007996459121409899,117,3.495888832287911e-05,global_seeded_cross_subject_permutation_v1,1872,complete,80,1872,0.5622200914937207,7.525903224945068,0.019598706314961117,0.04495878890156746,"[""effective_rank_below_threshold"",""context_shuffle_gap_below_threshold""]",0.6714666929000463,3.7796249389648438,3.5115132331848145,3.3489363193511963,0.0,context_encoder_final_norm_full_view_mean_pool,false,3.4658548732598645e-05,0.5622131294726083,0.6714698270273707
a01-lr3e-5,phase1,10,0.992745349583066,11,43.498994030058384,57.38063731485907,2.027998306812384,2.6075500073496007e-05,2268.04345703125,429,,,0.5547861498899949,1.1573987698707826,2496,0.6747858201464018,0.007326532703024359,,,,,,,,,,,,,,,,,,,,,,
a01-lr3e-5,phase1,11,0.9929955099422707,12,40.91042112279683,61.01134946785318,1.9199743423706446,2.520763133864226e-05,2265.51025390625,468,,,0.5698566389007446,1.051490225853064,2496,0.6689951916535696,0.006280661197916533,,,,,,,,,,,,,,,,,,,,,,
a01-lr3e-5,phase1,12,0.9932456703014753,13,43.41079331189394,57.49722153352428,2.0837766971343603,2.427105878344157e-05,2262.19677734375,507,,,0.5812389671038358,0.9816399633120267,2496,0.6639826771540519,0.005897388476370953,,,,,,,,,,,,,,,,,,,,,,
a01-lr3e-5,phase1,13,0.9934958306606799,14,41.16305599641055,60.636897324087236,1.761704839192904,2.3272180148118045e-05,2290.60400390625,546,,,0.5902341585128735,0.9189026657587442,2496,0.6597207559224887,0.005022734000634115,,,,,,,,,,,,,,,,,,,,,,
a01-lr3e-5,phase1,14,0.9937459910198846,15,64.07698588259518,38.953143092174884,1.6245046395521898,2.2217818786600543e-05,2210.65869140625,585,,,0.5995253509817979,0.8573133471684579,2496,0.6547614169808534,0.004506105707080748,117,5.2970762436206525e-05,global_seeded_cross_subject_permutation_v1,1872,complete,80,1872,0.6223348455551343,8.359230041503906,0.021768828233083088,0.04179125651717186,"[""effective_rank_below_threshold"",""context_shuffle_gap_below_threshold""]",0.6450415880252154,3.2864203453063965,3.0527613162994385,2.885791778564453,0.0,context_encoder_final_norm_full_view_mean_pool,false,5.254549905657766e-05,0.6223291876415412,0.6450419503885011
a01-lr3e-5,phase1,15,0.9939961513790891,16,33.91138932388276,73.60359011425531,1.476528491729345,2.1115177056096598e-05,2105.51220703125,624,,,0.6082658744775332,0.804869583210884,2496,0.6497359145910312,0.003936351078431098,,,,,,,,,,,,,,,,,,,,,,
a01-lr3e-5,phase1,16,0.9942463117382938,17,30.843592016026378,80.92442665896614,1.430323221744635,1.997178711768955e-05,2205.16162109375,663,,,0.6158528232421631,0.7579808342151153,2496,0.6450225141568061,0.0035811840364028914,,,,,,,,,,,,,,,,,,,,,,
a01-lr3e-5,phase1,17,0.9944964720974984,18,29.38463941309601,84.94233891764533,1.253997843999129,1.879545948404087e-05,2211.97509765625,702,,,0.6223574658999076,0.7254924776080327,2496,0.6406787452407372,0.0032160506409873515,,,,,,,,,,,,,,,,,,,,,,
a01-lr3e-5,phase1,18,0.994746632456703,19,29.420537749305367,84.83869401941614,1.2081030240425696,1.75942296656689e-05,2213.41845703125,741,,,0.6289326346073395,0.6672340048811375,2496,0.636020364287572,0.002711524282065698,,,,,,,,,,,,,,,,,,,,,,
a01-lr3e-5,phase1,19,0.9949967928159076,20,55.62113431002945,44.87502872716367,1.1174154082934062,1.6376303280264136e-05,2282.68701171875,780,,,0.6343299559293649,0.6349814138733424,2496,0.6319415542559746,0.002406292836381815,117,6.300169560644362e-05,global_seeded_cross_subject_permutation_v1,1872,complete,80,1872,0.6556294107029581,9.064640998840332,0.02360583593448003,0.03999251499772072,"[""effective_rank_below_threshold"",""context_shuffle_gap_below_threshold""]",0.6220130584178827,2.9418303966522217,2.691865921020508,2.5473134517669678,0.0,context_encoder_final_norm_full_view_mean_pool,false,6.245275338490801e-05,0.6556257145479322,0.6220136838033798
a01-lr3e-5,phase1,20,0.9952469531751122,21,27.790946347638965,89.81342228427039,0.9778600808901664,1.515e-05,2201.88427734375,819,,,0.6374732032418251,0.6060491806039443,2496,0.6290102448218908,0.002141524488718297,,,,,,,,,,,,,,,,,,,,,,
a01-lr3e-5,phase1,21,0.9954971135343169,22,27.425986762158573,91.00857597743372,0.8484507707449106,1.3923696719735866e-05,2168.73681640625,858,,,0.6418275919098121,0.5731408927494135,2496,0.6254777484215223,0.0018320762101211585,,,,,,,,,,,,,,,,,,,,,,
a01-lr3e-5,phase1,22,0.9957472738935215,23,27.463125077076256,90.88550530920591,0.7721279615010971,1.27057703343311e-05,2208.42724609375,897,,,0.6447460964704171,0.5587467760420762,2496,0.6227915174303911,0.0017260127838548773,,,,,,,,,,,,,,,,,,,,,,
a01-lr3e-5,phase1,23,0.9959974342527261,24,26.79276434890926,93.15948020502083,0.7217408693753756,1.1504540515959135e-05,2313.12353515625,936,,,0.6478340814893062,0.5309916073695208,2496,0.6201259304697697,0.0015526272656690055,,,,,,,,,,,,,,,,,,,,,,
a01-lr3e-5,phase1,24,0.9962475946119307,25,53.45860735606402,46.69032964841851,0.7297805669980172,1.0328212882310452e-05,2214.55908203125,975,,,0.6489760615886786,0.5106185897229574,2496,0.6185289443685458,0.0014172305515482246,117,6.722190823310461e-05,global_seeded_cross_subject_permutation_v1,1872,complete,80,1872,0.670002062096555,9.293400764465332,0.024201564490795135,0.03930104896426201,"[""effective_rank_below_threshold"",""context_shuffle_gap_below_threshold""]",0.6085055669148763,2.582258462905884,2.3856561183929443,2.2335760593414307,0.0,context_encoder_final_norm_full_view_mean_pool,false,6.650869424144426e-05,0.6699970011909802,0.6085071002133192
a01-lr3e-5,phase1,25,0.9964977549711354,26,25.797768705524504,96.75255362164287,0.643643075074905,9.184822943903407e-06,2173.46044921875,1014,,,0.6491000144145428,0.5035063417103046,2496,0.6176293908785551,0.0013182273604541433,,,,,,,,,,,,,,,,,,,,,,
a01-lr3e-5,phase1,26,0.9967479153303399,27,26.09694521315396,95.64337816603573,0.5721860207044162,8.082181213399458e-06,2201.22802734375,1053,,,0.6497383740467902,0.4966894457928645,2496,0.6165234326170042,0.0012411648949170902,,,,,,,,,,,,,,,,,,,,,,
a01-lr3e-5,phase1,27,0.9969980756895446,28,26.67620224505663,93.56654208387306,0.5358118743468554,7.027819851881963e-06,2203.65966796875,1092,,,0.6511572994864904,0.4693394718834987,2496,0.6151626066137583,0.0010867291248593037,,,,,,,,,,,,,,,,,,,,,,
a01-lr3e-5,phase1,28,0.9972482360487492,29,25.74358020350337,96.9562112289388,0.5102997934206938,6.028941216558432e-06,2241.88232421875,1131,,,0.6509075812422312,0.46480994528302777,2496,0.6147627438872288,0.0010728048689951464,,,,,,,,,,,,,,,,,,,,,,
a01-lr3e-5,phase1,29,0.9974983964079538,30,52.19645995553583,47.81933491516948,0.49068907591012806,5.092368661357748e-06,2351.21044921875,1170,,,0.6534862082738143,0.4523452301629079,2496,0.6130539482602706,0.0009508632195390349,117,7.063019861522903e-05,global_seeded_cross_subject_permutation_v1,1872,complete,80,1872,0.6728334391218984,9.411673545837402,0.024509566525618236,0.039279159158468246,"[""effective_rank_below_threshold"",""context_shuffle_gap_below_threshold""]",0.6038300802565029,2.468651533126831,2.2268147468566895,2.0769028663635254,0.0,context_encoder_final_norm_full_view_mean_pool,false,7.006404921412468e-05,0.6728268626456462,0.6038322838023308
a01-lr3e-5,phase1,30,0.9977485567671585,31,26.220540995709598,95.19254390702366,0.45514585574467975,4.2244999265039955e-06,2175.52587890625,1209,,,0.6513874425719945,0.45503570187168246,2496,0.6138652744583595,0.000985877446789975,,,,,,,,,,,,,,,,,,,,,,
a01-lr3e-5,phase1,31,0.997998717126363,32,25.694864149205387,97.14003489203849,0.43317626684139937,3.431263435463557e-06,2158.05029296875,1248,,,0.6519608778449205,0.4437752575255357,2496,0.6130752947468024,0.0009201706095318047,,,,,,,,,,,,,,,,,,,,,,
a01-lr3e-5,phase1,32,0.9982488774855677,33,25.115947166457772,99.37909103955259,0.40239189909054685,2.7180777978014512e-06,2239.66162109375,1287,,,0.6511823957165083,0.44361780965939546,2496,0.6132725641513482,0.000909790258447174,,,,,,,,,,,,,,,,,,,,,,
a01-lr3e-5,phase1,33,0.9984990378447723,34,25.7967890528962,96.75622787324279,0.36689481826928944,2.0898147945836387e-06,2265.69873046875,1326,,,0.65168252434486,0.43203131806774014,2496,0.6129293330968955,0.0008097579004056454,,,,,,,,,,,,,,,,,,,,,,
a01-lr3e-5,phase1,34,0.9987491982039769,35,52.2222122810781,47.79575377936232,0.3533630378735371,1.5507660991723962e-06,2247.70361328125,1365,,,0.6499902453178015,0.43422171817376065,2496,0.6136737452485622,0.0008514259075244085,117,7.080802550682655e-05,global_seeded_cross_subject_permutation_v1,1872,complete,80,1872,0.6718154493560139,9.492127418518066,0.024719081819057465,0.03902978077530861,"[""effective_rank_below_threshold"",""context_shuffle_gap_below_threshold""]",0.6032771045326167,2.3910446166992188,2.19214129447937,2.0529420375823975,0.0,context_encoder_final_norm_full_view_mean_pool,false,7.008140285809833e-05,0.6718079597068329,0.6032799685063461
a01-lr3e-5,phase1,35,0.9989993585631816,36,24.138090786524117,103.40502992032303,0.3315850970072624,1.1046139607455756e-06,2176.32763671875,1404,,,0.6502999558280675,0.43235445882265383,2496,0.6133401023271756,0.000816316532039379,,,,,,,,,,,,,,,,,,,,,,
a01-lr3e-5,phase1,36,0.9992495189223861,37,25.282944788224995,98.72267731891975,0.32316354681284,7.544060508009439e-07,2228.65869140625,1443,,,0.6501201800046823,0.43614832292764616,2496,0.6134727696577708,0.0008215265280831283,,,,,,,,,,,,,,,,,,,,,,
a01-lr3e-5,phase1,37,0.9994996792815908,38,24.997352509759367,99.85057413682196,0.3064019229167547,5.025346444695735e-07,2183.55029296875,1482,,,0.6498417670910175,0.4347575375666985,2496,0.6136076639478023,0.0008343149904528848,,,,,,,,,,,,,,,,,,,,,,
a01-lr3e-5,phase1,38,0.9997498396407953,39,24.679985660128295,101.13458064250045,0.2874415765206019,3.5072027885095276e-07,2278.39013671875,1521,,,0.649853996741466,0.42487757290020967,2496,0.6134822723957208,0.0007367352093821794,,,,,,,,,,,,,,,,,,,,,,
a01-lr3e-5,phase1,39,1.0,40,51.55450034048408,48.414784034672756,0.290408608240959,3e-07,2235.78271484375,1560,,,0.6494924131876383,0.4311234241303725,2496,0.6137460980277795,0.0008220694792796096,117,7.06139601703383e-05,global_seeded_cross_subject_permutation_v1,1872,complete,80,1872,0.6709188523455563,9.529419898986816,0.0248161976536115,0.03900093212723732,"[""effective_rank_below_threshold"",""context_shuffle_gap_below_threshold""]",0.6035973969687763,2.3926923274993896,2.1792991161346436,2.035370349884033,0.0,context_encoder_final_norm_full_view_mean_pool,false,6.988790507117906e-05,0.6709108146217962,0.6036004825495185
a02-lr3e-4,phase1,0,0.9902437459910198,1,113.5722024794668,21.977208731610734,0.5430134206246107,0.00016324675324675322,2148.67431640625,39,,,0.3733296010442502,4.1376121533222685,2496,0.724258436797521,0.32808490864072853,,,,,,,,,,,,,,,,,,,,,,
a02-lr3e-4,phase1,1,0.9904939063502245,2,102.35507907252759,24.38569754053303,0.6788590107208643,0.0003,2261.74169921875,78,,,0.8181947018855658,4.415577679872513,2496,0.4874147590345297,0.06492665393922764,,,,,,,,,,,,,,,,,,,,,,
a02-lr3e-4,phase1,2,0.9907440667094292,3,94.28611011058092,26.47261613691172,0.5296658873558044,0.00029949279721149045,2189.21630859375,117,,,0.8244701045063826,2.540073146422704,2496,0.431417204057559,0.016366889840588927,,,,,,,,,,,,,,,,,,,,,,
a02-lr3e-4,phase1,3,0.9909942270686337,4,88.73658605664968,28.128195042420796,0.4251748827787546,0.0002979746535553042,2211.19775390625,156,,,0.8048013970255852,1.6148094271238034,2496,0.45763892919207233,0.008313782387771286,,,,,,,,,,,,,,,,,,,,,,
a02-lr3e-4,phase1,4,0.9912443874278384,5,113.0956652071327,22.06981138869134,0.35770608140872073,0.0002954559394919905,2212.75048828125,195,,,0.800314833338444,1.1233203949836583,2496,0.462430575528206,0.004089960099335235,117,0.001581050535170441,global_seeded_cross_subject_permutation_v1,1872,complete,80,1872,0.8162448966605031,5.069647789001465,0.01320220778385798,0.10332471132278442,"[""effective_rank_below_threshold""]",0.4468342682235261,4.455551624298096,3.72754168510437,3.0896942615509033,0.0,context_encoder_final_norm_full_view_mean_pool,false,0.0015878637942175072,0.8162336982165778,0.4468444452931486
a02-lr3e-4,phase1,5,0.9914945477870429,6,62.28064496256411,40.07665626295786,0.3207047218695665,0.0002919538603925442,2258.79736328125,234,,,0.7931991785000532,0.8141023478446863,2496,0.464279404339882,0.0023512396114827613,,,,,,,,,,,,,,,,,,,,,,
a02-lr3e-4,phase1,6,0.9917447081462476,7,55.1000059871003,45.299450613205906,0.34181380157287305,0.000287492339008276,2169.45068359375,273,,,0.7834984186368111,0.6187603478439343,2496,0.4697093351338154,0.0015324743941071061,,,,,,,,,,,,,,,,,,,,,,
a02-lr3e-4,phase1,7,0.9919948685054522,8,51.6376517675817,48.33682234882333,0.4459653852077631,0.0002821018520541636,2199.30224609375,312,,,0.7764005351525086,0.5413687370526485,2496,0.4740806740637009,0.002461239946196423,,,,,,,,,,,,,,,,,,,,,,
a02-lr3e-4,phase1,8,0.9922450288646568,9,47.30177266802639,52.76757844822104,0.2946565991792923,0.00027581922202198544,2257.58154296875,351,,,0.773212595245777,0.41096053616358685,2496,0.47399962378235966,0.0005223308273623564,,,,,,,,,,,,,,,,,,,,,,
a02-lr3e-4,phase1,9,0.9924951892238615,10,72.52512124739587,34.41566118153332,0.3050742745399475,0.00026868736564536445,2174.32861328125,390,,,0.7697422326757357,0.34616140481562185,2496,0.47458262445452887,0.0005257955664931685,117,0.009235413601765266,global_seeded_cross_subject_permutation_v1,1872,complete,80,1872,0.7927838018816761,4.215793609619141,0.010978629191716513,0.0833342894911766,"[""effective_rank_below_threshold""]",0.4537297963586628,3.226174831390381,2.920041084289551,2.4491589069366455,0.0,context_encoder_final_norm_full_view_mean_pool,false,0.00927735903921226,0.7927748225939768,0.4537410693398366
a02-lr3e-4,phase1,10,0.992745349583066,11,43.49164465535432,57.39033370154959,0.3063919979792375,0.00026075500073496005,2267.57470703125,429,,,0.7694227599944824,0.30566731692315674,2496,0.4717671506297894,0.0004746825626660631,,,,,,,,,,,,,,,,,,,,,,
a02-lr3e-4,phase1,11,0.9929955099422707,12,40.892543627880514,61.03802254791088,0.275033562993392,0.00025207631338642256,2265.13525390625,468,,,0.7701529805094768,0.2502005933664548,2496,0.4671513277750749,0.000275020917529335,,,,,,,,,,,,,,,,,,,,,,
a02-lr3e-4,phase1,12,0.9932456703014753,13,43.401017791591585,57.51017204217661,0.2920526942381492,0.00024271058783441565,2269.00927734375,507,,,0.7698320222970767,0.2254744229886012,2496,0.4639204667928891,0.00025572074639221217,,,,,,,,,,,,,,,,,,,,,,
a02-lr3e-4,phase1,13,0.9934958306606799,14,41.18020269833505,60.61164920154498,0.28999614066038376,0.00023272180148118038,2291.41650390625,546,,,0.7691894664596288,0.20205278632541498,2496,0.4613438398601153,0.00020989163074493542,,,,,,,,,,,,,,,,,,,,,,
a02-lr3e-4,phase1,14,0.9937459910198846,15,64.31598879955709,38.80839036431309,0.3124423095813164,0.0002221781878660054,2210.65869140625,585,,,0.7687146394298627,0.19021676167941245,2496,0.45850500130118466,0.0001937588660404015,117,0.019119703776051857,global_seeded_cross_subject_permutation_v1,1872,complete,80,1872,0.791403711351574,4.4585466384887695,0.01161079853773117,0.07169408351182938,"[""effective_rank_below_threshold""]",0.4380778178700015,3.144028425216675,2.7951736450195312,2.3089773654937744,0.0,context_encoder_final_norm_full_view_mean_pool,false,0.01919238997312884,0.7913929437597595,0.43809264614246796
a02-lr3e-4,phase1,15,0.9939961513790891,16,33.316710909828544,74.91735924219553,0.26099620835903364,0.00021115177056096594,2102.51220703125,624,,,0.768815523156753,0.1793092476347318,2496,0.45552304434852725,0.00017721532295138622,,,,,,,,,,,,,,,,,,,,,,
a02-lr3e-4,phase1,16,0.9942463117382938,17,30.859434184618294,80.8828828509149,0.27917867516859984,0.0001997178711768955,2202.47412109375,663,,,0.7685280560682981,0.17209803196004567,2496,0.4532748705301529,0.00017509319595541083,,,,,,,,,,,,,,,,,,,,,,
a02-lr3e-4,phase1,17,0.9944964720974984,18,29.382254268042743,84.94923422927235,0.2888408543971869,0.00018795459484040864,2210.60009765625,702,,,0.7683968148552455,0.16952373314266786,2496,0.45132382643910557,0.00015505029977866332,,,,,,,,,,,,,,,,,,,,,,
a02-lr3e-4,phase1,18,0.994746632456703,19,29.425805363804102,84.8235067533704,0.2597082658455922,0.00017594229665668896,2213.41845703125,741,,,0.7690217617230538,0.15092003187881067,2496,0.4484455592166155,0.00012643906337818687,,,,,,,,,,,,,,,,,,,,,,
a02-lr3e-4,phase1,19,0.9949967928159076,20,55.565160249359906,44.920233988324604,0.26199497779210407,0.00016376303280264134,2282.68701171875,780,,,0.76892844778605,0.14711485793575263,2496,0.44645448067249394,0.00011965549986697601,117,0.020924438189110186,global_seeded_cross_subject_permutation_v1,1872,complete,80,1872,0.7909926807778513,4.909172058105469,0.012784302234649658,0.061559151858091354,"[""effective_rank_below_threshold""]",0.4261715320440439,3.2235867977142334,2.9558606147766113,2.670177698135376,0.0,context_encoder_final_norm_full_view_mean_pool,false,0.020997574956466744,0.7909814619769657,0.42618669353735933
a02-lr3e-4,phase1,20,0.9952469531751122,21,27.831055681221187,89.68398570968182,0.2623545080423355,0.00015149999999999997,2201.97802734375,819,,,0.7664955346248089,0.1462122066758382,2496,0.4472553352705943,0.00012720431162048767,,,,,,,,,,,,,,,,,,,,,,
a02-lr3e-4,phase1,21,0.9954971135343169,22,27.46909159515053,90.86576421189883,0.2598801094752092,0.00013923696719735863,2168.73681640625,858,,,0.7665569973297608,0.1377661494920269,2496,0.44574615894219816,0.00010605619432660719,,,,,,,,,,,,,,,,,,,,,,
a02-lr3e-4,phase1,22,0.9957472738935215,23,27.414495059289038,91.04672526712336,0.26402414303559524,0.00012705770334331095,2210.30224609375,897,,,0.7658359715953852,0.13861867384268686,2496,0.4452187785735497,0.00012094412551277856,,,,,,,,,,,,,,,,,,,,,,
a02-lr3e-4,phase1,23,0.9959974342527261,24,26.773930017836392,93.22501397206918,0.24511115558636495,0.00011504540515959132,2312.77978515625,936,,,0.7663139265317184,0.13328065735120803,2496,0.4435795479669021,0.00011423272011385075,,,,,,,,,,,,,,,,,,,,,,
a02-lr3e-4,phase1,24,0.9962475946119307,25,53.57993690110743,46.584601333272765,0.234581593137521,0.0001032821288231045,2214.55908203125,975,,,0.7652987190164052,0.12901248692128903,2496,0.44339043236313724,0.00010380013613961673,117,0.02132511879198062,global_seeded_cross_subject_permutation_v1,1872,complete,80,1872,0.7886685408078707,4.736016273498535,0.01233337571223577,0.06120803952217102,"[""effective_rank_below_threshold""]",0.42162368924189836,3.4099907875061035,3.2248618602752686,3.1091673374176025,0.0,context_encoder_final_norm_full_view_mean_pool,false,0.021387873388205966,0.7886558743504188,0.42164010810665775
a02-lr3e-4,phase1,25,0.9964977549711354,26,25.752088125795126,96.92417903384808,0.21033441561918992,9.184822943903406e-05,2172.96044921875,1014,,,0.7633900117033567,0.12865130610477465,2496,0.4441269042973335,0.00010355020488266138,,,,,,,,,,,,,,,,,,,,,,
a02-lr3e-4,phase1,26,0.9967479153303399,27,26.152988247573376,95.43842471735876,0.21086802849402794,8.082181213399457e-05,2201.22802734375,1053,,,0.7625991549247351,0.1307750045059201,2496,0.4441278255902804,0.00010136459838733094,,,,,,,,,,,,,,,,,,,,,,
a02-lr3e-4,phase1,27,0.9969980756895446,28,26.629163540899754,93.73182136068193,0.18795907535614112,7.027819851881964e-05,2203.65966796875,1092,,,0.7631397952254002,0.11985001681993405,2496,0.44297815821109676,8.574712473110078e-05,,,,,,,,,,,,,,,,,,,,,,
a02-lr3e-4,phase1,28,0.9972482360487492,29,25.716546623036265,97.05813290514455,0.17798429230848947,6.028941216558432e-05,2241.88232421875,1131,,,0.7619021490980418,0.12029641435648768,2496,0.44338863151959884,9.160708909861662e-05,,,,,,,,,,,,,,,,,,,,,,
a02-lr3e-4,phase1,29,0.9974983964079538,30,52.37037693616003,47.66053150701296,0.18537556399137545,5.092368661357747e-05,2351.21044921875,1170,,,0.7643076223440659,0.11521569312287447,2496,0.44076638754743797,7.810710021270386e-05,117,0.020676385515775435,global_seeded_cross_subject_permutation_v1,1872,complete,80,1872,0.7862118212585776,4.903570175170898,0.012769713997840881,0.05785781145095825,"[""effective_rank_below_threshold""]",0.42038506167566675,3.8697454929351807,3.668328285217285,3.5472567081451416,0.0,context_encoder_final_norm_full_view_mean_pool,false,0.020737123132372894,0.7862007101687294,0.42039741414288667
a02-lr3e-4,phase1,30,0.9977485567671585,31,26.154745337553322,95.43201311221375,0.16553065410027137,4.2244999265039953e-05,2175.52587890625,1209,,,0.7609755077805275,0.11945022794250877,2496,0.44357815203376305,8.79044982596975e-05,,,,,,,,,,,,,,,,,,,,,,
a02-lr3e-4,phase1,31,0.997998717126363,32,25.667897489853203,97.24209008496686,0.16404641687105864,3.4312634354635565e-05,2158.61279296875,1248,,,0.7616308877865473,0.11573029645026112,2496,0.44255480609643155,8.553268709902795e-05,,,,,,,,,,,,,,,,,,,,,,
a02-lr3e-4,phase1,32,0.9982488774855677,33,25.068264820612967,99.5681200059609,0.14129938032382575,2.718077797801451e-05,2240.91162109375,1287,,,0.7604785785079002,0.116230628417375,2496,0.44327428640845495,9.005393762335664e-05,,,,,,,,,,,,,,,,,,,,,,
a02-lr3e-4,phase1,33,0.9984990378447723,34,25.77117350604385,96.8523998107668,0.1368988330165545,2.0898147945836384e-05,2264.72998046875,1326,,,0.7609179847133465,0.11045986800812758,2496,0.44277104687614316,7.147323772080026e-05,,,,,,,,,,,,,,,,,,,,,,
a02-lr3e-4,phase1,34,0.9987491982039769,35,51.65388198103756,48.32163439170547,0.12357807465088673,1.550766099172396e-05,2247.70361328125,1365,,,0.7589965307941804,0.11342293621064761,2496,0.4445329843423305,8.886395695293313e-05,117,0.02036253262597781,global_seeded_cross_subject_permutation_v1,1872,complete,80,1872,0.7842118831781241,4.702365398406982,0.012245743225018183,0.05833078920841217,"[""effective_rank_below_threshold""]",0.42116127233219963,4.280185699462891,3.9721786975860596,3.804325580596924,0.0,context_encoder_final_norm_full_view_mean_pool,false,0.020417600761478152,0.7842006775550547,0.4211738971372444
a02-lr3e-4,phase1,35,0.9989993585631816,36,25.152889577671885,99.23313153712918,0.10044754048188527,1.1046139607455756e-05,2176.32763671875,1404,,,0.7595653753632154,0.11223321275499004,2496,0.4438066985935737,7.368777989332405e-05,,,,,,,,,,,,,,,,,,,,,,
a02-lr3e-4,phase1,36,0.9992495189223861,37,25.28039100393653,98.73265012441207,0.10259662778713764,7.544060508009439e-06,2228.65869140625,1443,,,0.759380392730236,0.11524265309652457,2496,0.4439919526951435,7.976438109979201e-05,,,,,,,,,,,,,,,,,,,,,,
a02-lr3e-4,phase1,37,0.9994996792815908,38,25.075529420748353,99.53927425096452,0.08757181064440654,5.0253464446957345e-06,2183.55029296875,1482,,,0.7590857927615826,0.11366352271766235,2496,0.44421262265397954,8.478281841402435e-05,,,,,,,,,,,,,,,,,,,,,,
a02-lr3e-4,phase1,38,0.9997498396407953,39,24.662013419903815,101.20828163955053,0.0837879784596272,3.5072027885095276e-06,2276.95263671875,1521,,,0.7592348876671914,0.10862575384238973,2496,0.4439254959042256,6.894813374950323e-05,,,,,,,,,,,,,,,,,,,,,,
a02-lr3e-4,phase1,39,1.0,40,51.1567142913118,48.791249293035776,0.07995773804111359,3e-06,2232.95458984375,1560,,,0.758900778224835,0.11309122506720133,2496,0.44442977880438167,8.43560361938846e-05,117,0.02035144030347339,global_seeded_cross_subject_permutation_v1,1872,complete,80,1872,0.7834422522121005,4.713852405548096,0.012275657306114832,0.05793614685535431,"[""effective_rank_below_threshold""]",0.4217262214575058,4.373485565185547,4.076465129852295,3.92268967628479,0.0,context_encoder_final_norm_full_view_mean_pool,false,0.020406949333846566,0.7834308433967332,0.4217389537952839
a03-ema0.995,phase1,0,0.9951218729955099,1,113.89967015571892,21.9140230747602,0.3659113947397623,5.4415584415584414e-05,2148.67431640625,39,,,0.1551469067697979,3.7096091493582115,2496,0.7880526335957723,0.4004322017232577,,,,,,,,,,,,,,,,,,,,,,
a03-ema0.995,phase1,1,0.9952469531751122,2,102.59367334004492,24.328985586928468,0.9176408457450378,0.0001,2261.74169921875,78,,,0.6805641473485873,4.706554156083327,2496,0.6192758016479321,0.10550407942336722,,,,,,,,,,,,,,,,,,,,,,
a03-ema0.995,phase1,2,0.9953720333547146,3,94.3397796312347,26.4575559722169,1.279177412008628,9.983093240383017e-05,2189.21630859375,117,,,0.8335272929607294,2.8504432264046793,2496,0.48762817174578327,0.021854683100126494,,,,,,,,,,,,,,,,,,,,,,
a03-ema0.995,phase1,3,0.9954971135343169,4,88.64832497108728,28.156200366042704,1.269957117545299,9.932488451843476e-05,2211.19775390625,156,,,0.8616414291736407,1.9491642858737555,2496,0.41952185332775116,0.014037906938495163,,,,,,,,,,,,,,,,,,,,,,
a03-ema0.995,phase1,4,0.9956221937139191,5,113.31567470449954,22.026961464148513,1.1248102738307073,9.848531316399685e-05,2212.75048828125,195,,,0.8588750064373016,1.4646576524544985,2496,0.4012264702946712,0.009380021868333316,117,2.9183382916654278e-05,global_seeded_cross_subject_permutation_v1,1872,complete,80,1872,0.8710351362187638,5.197848320007324,0.013536063333352407,0.04388826712965965,"[""effective_rank_below_threshold"",""context_shuffle_gap_below_threshold""]",0.38176981022215295,4.004903316497803,3.872253656387329,3.708513021469116,0.0,context_encoder_final_norm_full_view_mean_pool,false,2.9330359150966005e-05,0.8710357444360854,0.3817764258167396
a03-ema0.995,phase1,5,0.9957472738935215,6,62.75706594157964,39.772413871666956,0.7868958803323599,9.731795346418142e-05,2258.79736328125,234,,,0.8484004911703941,1.154365443648436,2496,0.40751487226822436,0.005855467736882229,,,,,,,,,,,,,,,,,,,,,,
a03-ema0.995,phase1,6,0.9958723540731238,7,55.27435303479433,45.15656652604884,0.6956836199149107,9.583077966942534e-05,2169.45068359375,273,,,0.8358140117847003,0.9307843448641973,2496,0.4228553437651732,0.004106783422265345,,,,,,,,,,,,,,,,,,,,,,
a03-ema0.995,phase1,7,0.9959974342527261,8,52.00550601631403,47.99491806150313,0.5437721503086579,9.403395068472121e-05,2199.30224609375,312,,,0.8243926455959295,0.7818602997905169,2496,0.4381764362064692,0.0027950429088937547,,,,,,,,,,,,,,,,,,,,,,
a03-ema0.995,phase1,8,0.9961225144323285,9,47.53941907547414,52.503796818327146,0.4767990081738203,9.193974067399516e-05,2257.58154296875,351,,,0.8130362551563826,0.6607382435065049,2496,0.4523384128816617,0.0020455974775429172,,,,,,,,,,,,,,,,,,,,,,
a03-ema0.995,phase1,9,0.9962475946119307,10,72.96110408660024,34.21000862373745,0.48851954478483933,8.956245521512149e-05,2174.32861328125,390,,,0.8028689116621629,0.5771007016301155,2496,0.4633979506026476,0.0016720746257655823,117,0.00011651673250728183,global_seeded_cross_subject_permutation_v1,1872,complete,80,1872,0.8182493407502134,7.167383193969727,0.01866506040096283,0.03511267900466919,"[""effective_rank_below_threshold"",""context_shuffle_gap_below_threshold""]",0.4505149041995024,2.7332825660705566,2.580578088760376,2.410681962966919,0.0,context_encoder_final_norm_full_view_mean_pool,false,0.00011601794200638924,0.8182470933844643,0.45051848084355406
a03-ema0.995,phase1,10,0.996372674791533,11,43.47319630533457,57.414687948622664,0.46875056624412537,8.691833357832002e-05,2267.57470703125,429,,,0.7940890756555092,0.5106417360023047,2496,0.47200185748247,0.001391787325421599,,,,,,,,,,,,,,,,,,,,,,
a03-ema0.995,phase1,11,0.9964977549711354,12,41.00825803633779,60.86578946582592,0.425656605225343,8.40254377954742e-05,2265.13525390625,468,,,0.7853173540952878,0.4413837091280864,2496,0.47965112872994864,0.0010123507223071125,,,,,,,,,,,,,,,,,,,,,,
a03-ema0.995,phase1,12,0.9966228351507377,13,43.53769644815475,57.32962934711691,0.4184479331358885,8.090352927813856e-05,2269.00927734375,507,,,0.7775904769316698,0.3965301904349755,2496,0.48550830227442276,0.0008423726137082737,,,,,,,,,,,,,,,,,,,,,,
a03-ema0.995,phase1,13,0.9967479153303399,14,41.33691345807165,60.38186674318856,0.42308229819322246,7.757393382706015e-05,2291.41650390625,546,,,0.7703457681032327,0.3570967207734401,2496,0.4907085938522449,0.0006958168449692983,,,,,,,,,,,,,,,,,,,,,,
a03-ema0.995,phase1,14,0.9968729955099422,15,64.08028949052095,38.95113489412715,0.3957458283656683,7.405939595533515e-05,2210.65869140625,585,,,0.7644662035581393,0.3233059082562343,2496,0.49399013358813065,0.0005804277834613458,117,0.0001278860160173514,global_seeded_cross_subject_permutation_v1,1872,complete,80,1872,0.7834750561632662,8.334907531738281,0.021705488363901775,0.030672626569867134,"[""effective_rank_below_threshold"",""context_shuffle_gap_below_threshold""]",0.47842029093677163,2.4062247276306152,2.2015392780303955,2.0755584239959717,0.0,context_encoder_final_norm_full_view_mean_pool,false,0.00012757284566760062,0.7834724298057457,0.47842359005784
a03-ema0.995,phase1,15,0.9969980756895446,16,34.11175450589508,73.17125829950054,0.39907731612523395,7.038392352032199e-05,2102.51220703125,624,,,0.7595430518954228,0.29710055352785647,2496,0.4965048015881807,0.0004801238204051445,,,,,,,,,,,,,,,,,,,,,,
a03-ema0.995,phase1,16,0.9971231558691469,17,30.938798069022596,80.67540291744929,0.43366025197200286,6.657262372563184e-05,2202.47412109375,663,,,0.7553936758866677,0.27635435430476296,2496,0.4983228087807313,0.00043083206984215975,,,,,,,,,,,,,,,,,,,,,,
a03-ema0.995,phase1,17,0.9972482360487492,18,29.459011781960726,84.72789306287693,0.35226166324737745,6.265153161346956e-05,2210.60009765625,702,,,0.7530511260414735,0.2635363823710344,2496,0.49851951375603676,0.0003859460534724162,,,,,,,,,,,,,,,,,,,,,,
a03-ema0.995,phase1,18,0.9973733162283515,19,29.588302697986364,84.35766071062487,0.39629608621964085,5.864743221889633e-05,2213.41845703125,741,,,0.7509250877759396,0.23449350387240067,2496,0.49842292385605663,0.00028965385098590795,,,,,,,,,,,,,,,,,,,,,,
a03-ema0.995,phase1,19,0.9974983964079538,20,55.49562664702535,44.97651708441046,0.37780513136814803,5.458767760088046e-05,2282.68701171875,780,,,0.7492670902074912,0.22295104511655295,2496,0.49797414338741547,0.00026758701187645784,117,0.00014763675693772797,global_seeded_cross_subject_permutation_v1,1872,complete,80,1872,0.7701807827012151,9.079078674316406,0.023643434047698975,0.02858716808259487,"[""effective_rank_below_threshold"",""context_shuffle_gap_below_threshold""]",0.4811815112574488,2.2364590167999268,2.0754451751708984,1.9682831764221191,0.0,context_encoder_final_norm_full_view_mean_pool,false,0.00014725557217995326,0.7701742642559114,0.4811875910653421
a03-ema0.995,phase1,20,0.9976234765875561,21,29.067103365436196,85.87026951464325,0.34847891559967625,5.05e-05,2201.97802734375,819,,,0.7461513748917824,0.2154544408982381,2496,0.49886526033664363,0.00026181351283692213,,,,,,,,,,,,,,,,,,,,,,
a03-ema0.995,phase1,21,0.9977485567671585,22,27.68167122360319,90.16796637161663,0.33295224950863767,4.6412322399119556e-05,2168.73681640625,858,,,0.7453008490877274,0.20200908475388318,2496,0.49784170349056905,0.00019998972490425213,,,,,,,,,,,,,,,,,,,,,,
a03-ema0.995,phase1,22,0.9978736369467608,23,27.616528033278883,90.38065889355218,0.3464621099141928,4.2352567781103665e-05,2210.30224609375,897,,,0.7441579007949585,0.20190058710674444,2496,0.4973479269597775,0.00023780590293817557,,,,,,,,,,,,,,,,,,,,,,
a03-ema0.995,phase1,23,0.997998717126363,24,27.00961833447218,92.41152426113231,0.3118718671493041,3.834846838653045e-05,2312.77978515625,936,,,0.7441293129172081,0.19194463714479637,2496,0.4958418043187031,0.00020123354122184093,,,,,,,,,,,,,,,,,,,,,,
a03-ema0.995,phase1,24,0.9981237973059653,25,53.297748134471476,46.83124686060906,0.32796947467021453,3.442737627436817e-05,2214.55908203125,975,,,0.7426149166929417,0.1840052303786461,2496,0.4956492767311059,0.000177129677701497,117,0.00015731181344415387,global_seeded_cross_subject_permutation_v1,1872,complete,80,1872,0.7653547398045532,9.509689331054688,0.02476481596628825,0.02708846889436245,"[""effective_rank_below_threshold"",""context_shuffle_gap_below_threshold""]",0.47733842995431686,2.2226064205169678,2.118008613586426,2.0115272998809814,0.0,context_encoder_final_norm_full_view_mean_pool,false,0.0001573787536472082,0.7653480808871489,0.4773454243006805
a03-ema0.995,phase1,25,0.9982488774855677,26,26.749003290198743,93.31188803264956,0.2775990359294109,3.0616076479678025e-05,2172.96044921875,1014,,,0.7404931925046139,0.18484132342900222,2496,0.49614696013621795,0.00018346008328197245,,,,,,,,,,,,,,,,,,,,,,
a03-ema0.995,phase1,26,0.99837395766517,27,26.17515406291932,95.35760492565447,0.2515300275423588,2.6940604044664862e-05,2201.22802734375,1053,,,0.7394484671262594,0.1844495150188987,2496,0.49584223244052666,0.00016558141185877653,,,,,,,,,,,,,,,,,,,,,,
a03-ema0.995,phase1,27,0.9984990378447723,28,26.647653651423752,93.66678329919834,0.2625439323675938,2.3426066172939882e-05,2203.65966796875,1092,,,0.7395985946059227,0.17005777535721278,2496,0.4947758137415617,0.0001484828440574404,,,,,,,,,,,,,,,,,,,,,,
a03-ema0.995,phase1,28,0.9986241180243746,29,25.740578949451447,96.96751595609281,0.24374247437868363,2.0096470721861445e-05,2241.88232421875,1131,,,0.7381363071692295,0.17141011295219263,2496,0.49513976046672237,0.0001520166673369277,,,,,,,,,,,,,,,,,,,,,,
a03-ema0.995,phase1,29,0.9987491982039769,30,52.17915515974164,47.83519381175735,0.2234609386859796,1.697456220452583e-05,2351.21044921875,1170,,,0.7399917160853361,0.1643526209040712,2496,0.49296575020521116,0.00013206751449227992,117,0.0001586386058320347,global_seeded_cross_subject_permutation_v1,1872,complete,80,1872,0.7618438688098875,9.823464393615723,0.025581938525040943,0.02637510932981968,"[""effective_rank_below_threshold"",""context_shuffle_gap_below_threshold""]",0.4754793776406182,2.52329683303833,2.399463653564453,2.2787892818450928,0.0,context_encoder_final_norm_full_view_mean_pool,false,0.00015851013983289404,0.7618371551856402,0.4754870634215572
a03-ema0.995,phase1,30,0.9988742783835792,31,27.06583329755813,92.21958816339819,0.19570646721583146,1.4081666421679987e-05,2175.52587890625,1209,,,0.7368279775747886,0.16946233687205955,2496,0.49511285384113973,0.00014409843161644904,,,,,,,,,,,,,,,,,,,,,,
a03-ema0.995,phase1,31,0.9989993585631816,32,25.759279594756663,96.89711976681461,0.19731957943011552,1.1437544784878526e-05,2158.61279296875,1248,,,0.7369616064123619,0.16334884773748806,2496,0.49427721955073184,0.00014148136001524155,,,,,,,,,,,,,,,,,,,,,,
a03-ema0.995,phase1,32,0.9991244387427838,33,25.140360132791102,99.28258731442811,0.18573537468910217,9.060259326004838e-06,2240.91162109375,1287,,,0.7355675460436405,0.1650006576703909,2496,0.4950744975835849,0.0001536149683543496,,,,,,,,,,,,,,,,,,,,,,
a03-ema0.995,phase1,33,0.9992495189223861,34,25.98235543165356,96.06519341811462,0.16153466816131884,6.966049315278797e-06,2264.72998046875,1326,,,0.7357224166775361,0.15836322207290393,2496,0.49476786760183483,0.00011858296060303257,,,,,,,,,,,,,,,,,,,,,,
a03-ema0.995,phase1,34,0.9993745991019884,35,51.33900035917759,48.61800936008689,0.1474567086268694,5.169220330574654e-06,2247.70361328125,1365,,,0.7336089269090922,0.16117459571418855,2496,0.49635771709756976,0.0001419608229913212,117,0.00015437150867576274,global_seeded_cross_subject_permutation_v1,1872,complete,80,1872,0.758568753544082,9.98620319366455,0.026005737483501434,0.025906026363372803,"[""effective_rank_below_threshold"",""context_shuffle_gap_below_threshold""]",0.4766441272874164,2.7320151329040527,2.620460033416748,2.5089528560638428,0.0,context_encoder_final_norm_full_view_mean_pool,false,0.00015409531382222966,0.7585622196085751,0.47665149347546193
a03-ema0.995,phase1,35,0.9994996792815908,36,25.479994548484683,97.95920463210771,0.13297876524619567,3.6820465358185858e-06,2176.32763671875,1404,,,0.7336919227471719,0.15976729585478702,2496,0.49605181679511684,0.00012834310982849472,,,,,,,,,,,,,,,,,,,,,,
a03-ema0.995,phase1,36,0.9996247594611931,37,25.380996492691338,98.34129249884823,0.128715958350744,2.5146868360031467e-06,2228.65869140625,1443,,,0.7332966853028688,0.1636015631688329,2496,0.4964398427460438,0.00012988816245259235,,,,,,,,,,,,,,,,,,,,,,
a03-ema0.995,phase1,37,0.9997498396407953,38,25.08085799589753,99.51812654926997,0.12157718894573358,1.675115481565245e-06,2183.55029296875,1482,,,0.7328739038262612,0.16215352900326252,2496,0.49677667824121624,0.00014489862529408162,,,,,,,,,,,,,,,,,,,,,,
a03-ema0.995,phase1,38,0.9998749198203977,39,24.89491483196616,100.26143960914567,0.11127868466652356,1.1690675961698425e-06,2276.95263671875,1521,,,0.7329153953454434,0.15548065405052441,2496,0.4965524431795646,0.00011982139064824738,,,,,,,,,,,,,,,,,,,,,,
a03-ema0.995,phase1,39,1.0,40,50.60558513086289,49.32261910509481,0.11064412349309677,1e-06,2232.95458984375,1560,,,0.7323828375874422,0.16077401228726673,2496,0.4971260422697434,0.0001441100722471534,117,0.00015385036603507833,global_seeded_cross_subject_permutation_v1,1872,complete,80,1872,0.7571150151073424,10.003068923950195,0.0260496586561203,0.025853067636489868,"[""effective_rank_below_threshold"",""context_shuffle_gap_below_threshold""]",0.4776146343121162,2.814203977584839,2.699968099594116,2.5864806175231934,0.0,context_encoder_final_norm_full_view_mean_pool,false,0.00015360568650066856,0.7571084447515506,0.477622228798767
a04-mask-light,phase1,0,0.9902437459910198,1,128.01747212465852,19.497338594293524,0.3651510266921459,5.4415584415584414e-05,2657.60888671875,39,,,0.15843211396023457,3.6689428217135944,2496,0.7882557780696795,0.398602405992838,,,,,,,,,,,,,,,,,,,,,,
a04-mask-light,phase1,1,0.9904939063502245,2,127.04133598133922,19.647148549875382,0.9813712246907063,0.0001,2652.18310546875,78,,,0.6604751352316294,4.518344439757176,2496,0.6324329536694747,0.08817998543739893,,,,,,,,,,,,,,,,,,,,,,
a04-mask-light,phase1,2,0.9907440667094292,3,113.13397083058953,22.062338850791253,1.4299849684421833,9.983093240383017e-05,2699.80615234375,117,,,0.763346944290858,2.619467467451707,2496,0.5500295674189543,0.017877219346328042,,,,,,,,,,,,,,,,,,,,,,
a04-mask-light,phase1,3,0.9909942270686337,4,108.10060883127153,23.089601686664626,1.4018984452272072,9.932488451843476e-05,2663.36962890625,156,,,0.7125909527142843,1.7271481293898363,2496,0.5660086820522944,0.01144051527043279,,,,,,,,,,,,,,,,,,,,,,
a04-mask-light,phase1,4,0.9912443874278384,5,141.18102086428553,17.679430172128836,1.2328161215170836,9.848531316399685e-05,2684.47216796875,195,,,0.6681393497647383,1.2619089919787188,2496,0.5983032100857832,0.00708870314515363,117,9.745247980468294e-05,global_seeded_cross_subject_permutation_v1,1872,complete,80,1872,0.6782775551844866,6.40963077545166,0.016691746811072033,0.041515935212373734,"[""effective_rank_below_threshold"",""context_shuffle_gap_below_threshold""]",0.5958997260810982,3.1759824752807617,2.825551986694336,2.6185011863708496,0.0,context_encoder_final_norm_full_view_mean_pool,false,9.728514899810155e-05,0.6783021087137364,0.595906406206389
a04-mask-light,phase1,5,0.9914945477870429,6,67.22620296198875,37.12837985824213,0.9939093788464864,9.731795346418142e-05,2591.55126953125,234,,,0.6644629261050469,0.9769005166032375,2496,0.60681234815946,0.004620634966368715,,,,,,,,,,,,,,,,,,,,,,
a04-mask-light,phase1,6,0.9917447081462476,7,62.07492766994983,40.209470936013695,0.6693582244408436,9.583077966942534e-05,2630.82080078125,273,,,0.6696752365200948,0.7744641063305048,2496,0.6037831105864965,0.002493896829456879,,,,,,,,,,,,,,,,,,,,,,
a04-mask-light,phase1,7,0.9919948685054522,8,66.59403599891812,37.48083386987612,0.7810026032802386,9.403395068472121e-05,2623.53466796875,312,,,0.6704428683106716,0.6192581076652576,2496,0.5997930576021855,0.0019873262102079866,,,,,,,,,,,,,,,,,,,,,,
a04-mask-light,phase1,8,0.9922450288646568,9,53.86865554191172,46.334922876588664,0.5944486206922776,9.193974067399516e-05,2672.08447265625,351,,,0.6703612565612181,0.5101695427527795,2496,0.5959355279039114,0.001148569104631091,,,,,,,,,,,,,,,,,,,,,,
a04-mask-light,phase1,9,0.9924951892238615,10,73.97781822271645,33.73984337420687,0.5780093203752469,8.956245521512149e-05,2689.87158203125,390,,,0.6701650877411549,0.434620357858829,2496,0.591992759742798,0.0008859229762889206,117,0.00013824221160676744,global_seeded_cross_subject_permutation_v1,1872,complete,80,1872,0.6940617928138146,7.607392311096191,0.019810917476813,0.03616182506084442,"[""effective_rank_below_threshold"",""context_shuffle_gap_below_threshold""]",0.5773522441203778,2.221572160720825,1.8680782318115234,1.7015844583511353,0.0,context_encoder_final_norm_full_view_mean_pool,false,0.00013858157520492867,0.6940956111376486,0.5773408384372789
a04-mask-light,phase1,10,0.992745349583066,11,43.14632596075535,57.84965334638897,0.5047285954157511,8.691833357832002e-05,2611.30712890625,429,,,0.6715695078556354,0.3705592846068052,2496,0.5870592114635003,0.0005989411483591165,,,,,,,,,,,,,,,,,,,,,,
a04-mask-light,phase1,11,0.9929955099422707,12,33.59209350310266,74.30319875030898,0.47161619479839617,8.40254377954742e-05,2670.39306640625,468,,,0.6741483188592471,0.3190924720122264,2496,0.5816428628869545,0.00046406774111883115,,,,,,,,,,,,,,,,,,,,,,
a04-mask-light,phase1,12,0.9932456703014753,13,37.15969516802579,67.16954993074575,0.5089688018346444,8.090352927813856e-05,2716.44580078125,507,,,0.6763721752243165,0.2739537350164774,2496,0.5764830517463195,0.00037710292417614255,,,,,,,,,,,,,,,,,,,,,,
a04-mask-light,phase1,13,0.9934958306606799,14,34.00374582596123,73.4036777234804,0.46377105361376053,7.757393382706015e-05,2707.04443359375,546,,,0.6779810665891721,0.24117016424544346,2496,0.571757011115551,0.00027390020227941044,,,,,,,,,,,,,,,,,,,,,,
a04-mask-light,phase1,14,0.9937459910198846,15,58.91463171131909,42.36638552253652,0.4699005996569609,7.405939595533515e-05,2689.62744140625,585,,,0.6814564968913029,0.21704560776169485,2496,0.5658746816408939,0.00023953440125833134,117,0.0001555240561819484,global_seeded_cross_subject_permutation_v1,1872,complete,80,1872,0.7082238431669708,8.421581268310547,0.021931201219558716,0.03305253013968468,"[""effective_rank_below_threshold"",""context_shuffle_gap_below_threshold""]",0.5482171575228373,1.9869136810302734,1.7616113424301147,1.6391253471374512,0.0,context_encoder_final_norm_full_view_mean_pool,false,0.00015539747352401418,0.7082649981913469,0.5482007244136186
a04-mask-light,phase1,15,0.9939961513790891,16,31.78507106937468,78.52743177928356,0.3832426063525371,7.038392352032199e-05,2732.15283203125,624,,,0.6827619354694318,0.19268407572347385,2496,0.5612869310455445,0.0001766384464015293,,,,,,,,,,,,,,,,,,,,,,
a04-mask-light,phase1,16,0.9942463117382938,17,29.81083664763719,83.72794193945688,0.458416963999088,6.657262372563184e-05,2637.28369140625,663,,,0.68502544095883,0.17397406802345544,2496,0.5565056172318947,0.00015467523149499568,,,,,,,,,,,,,,,,,,,,,,
a04-mask-light,phase1,17,0.9944964720974984,18,29.673519724979997,84.1154006377881,0.4041066926259261,6.265153161346956e-05,2689.48193359375,702,,,0.688780359350718,0.15902383730579644,2496,0.5506481828215795,0.0001253699687676037,,,,,,,,,,,,,,,,,,,,,,
a04-mask-light,phase1,18,0.994746632456703,19,29.170070038177073,85.56715828015827,0.4155749342380426,5.864743221889633e-05,2638.22705078125,741,,,0.6906674573054681,0.14645141747612983,2496,0.5460677926356976,9.686680111943319e-05,,,,,,,,,,,,,,,,,,,,,,
a04-mask-light,phase1,19,0.9949967928159076,20,56.53569819685072,44.14909658158317,0.39273835451175004,5.458767760088046e-05,2578.67626953125,780,,,0.6943610797707851,0.13846109895847547,2496,0.5407817008403631,0.0001064579422110257,117,0.00019431375285499115,global_seeded_cross_subject_permutation_v1,1872,complete,80,1872,0.7200675576161115,8.896391868591309,0.023167687157789867,0.03128117322921753,"[""effective_rank_below_threshold"",""context_shuffle_gap_below_threshold""]",0.5231706087405865,1.9340571165084839,1.720736026763916,1.5785925388336182,0.0,context_encoder_final_norm_full_view_mean_pool,false,0.00019401322739819689,0.7201128773080805,0.5231530766778937
a04-mask-light,phase1,20,0.9952469531751122,21,27.720092164352536,90.04299066544246,0.37026320206813323,5.05e-05,2645.28369140625,819,,,0.6936147820491058,0.12674630839282122,2496,0.5383720434246919,7.680415470372573e-05,,,,,,,,,,,,,,,,,,,,,,
a04-mask-light,phase1,21,0.9954971135343169,22,29.247085647657514,85.34183645063152,0.33778847410128665,4.6412322399119556e-05,2684.38037109375,858,,,0.6960822836710856,0.1212303663771122,2496,0.5342334426748447,7.816246892389245e-05,,,,,,,,,,,,,,,,,,,,,,
a04-mask-light,phase1,22,0.9957472738935215,23,29.698874819092453,84.0435880215705,0.3049509739264464,4.2352567781103665e-05,2666.97412109375,897,,,0.6972114231724006,0.11456484175645389,2496,0.5310473845173151,6.704191087178671e-05,,,,,,,,,,,,,,,,,,,,,,
a04-mask-light,phase1,23,0.9959974342527261,24,27.314408813603222,91.38034130751286,0.3195981169358278,3.834846838653045e-05,2644.73193359375,936,,,0.6996218235446856,0.10920023005933334,2496,0.5272242661852103,6.690854099407517e-05,,,,,,,,,,,,,,,,,,,,,,
a04-mask-light,phase1,24,0.9962475946119307,25,53.90158605296165,46.30661512534205,0.32606286421800273,3.442737627436817e-05,2660.99658203125,975,,,0.7012875286432413,0.10287623155193451,2496,0.5241351923308312,5.434172754366255e-05,117,0.000235827257617926,global_seeded_cross_subject_permutation_v1,1872,complete,80,1872,0.7289168992613115,9.5180025100708,0.024786464869976044,0.02973506785929203,"[""effective_rank_below_threshold"",""context_shuffle_gap_below_threshold""]",0.5043508955556103,2.222270965576172,2.048579692840576,1.9428852796554565,0.0,context_encoder_final_norm_full_view_mean_pool,false,0.00023558357109626128,0.7289654727404318,0.5043315403318653
a04-mask-light,phase1,25,0.9964977549711354,26,26.60722081642598,93.80912111117946,0.2930474212536445,3.0616076479678025e-05,2697.45361328125,1014,,,0.7015228770100154,0.09937902723844999,2496,0.5222510363046939,5.680138004821745e-05,,,,,,,,,,,,,,,,,,,,,,
a04-mask-light,phase1,26,0.9967479153303399,27,26.373893646523356,94.63904091874679,0.277632223872038,2.6940604044664862e-05,2598.56396484375,1053,,,0.7009563984779211,0.09906014527838963,2496,0.5209874261457187,5.40055542724251e-05,,,,,,,,,,,,,,,,,,,,,,
a04-mask-light,phase1,27,0.9969980756895446,28,26.13835023250431,95.49187220301695,0.25806316351279235,2.3426066172939882e-05,2606.67919921875,1092,,,0.7035607984050726,0.09666068533148903,2496,0.5179221645379678,5.063983514629874e-05,,,,,,,,,,,,,,,,,,,,,,
a04-mask-light,phase1,28,0.9972482360487492,29,25.477988068945706,97.96691925773737,0.22594403609251365,2.0096470721861445e-05,2696.86279296875,1131,,,0.7021880591144929,0.09248187961295629,2496,0.5176721223844931,4.451337223611901e-05,,,,,,,,,,,,,,,,,,,,,,
a04-mask-light,phase1,29,0.9974983964079538,30,51.514392253011465,48.452478828459576,0.21580511866471705,1.697456220452583e-05,2674.64208984375,1170,,,0.7057862161443784,0.09148305642585723,2496,0.51404131261202,4.557965061990625e-05,117,0.00025648501120571396,global_seeded_cross_subject_permutation_v1,1872,complete,80,1872,0.7323723384457775,9.781474113464355,0.02547258883714676,0.02901819907128811,"[""effective_rank_below_threshold"",""context_shuffle_gap_below_threshold""]",0.4948010380960937,2.470695734024048,2.3027472496032715,2.1813180446624756,0.0,context_encoder_final_norm_full_view_mean_pool,false,0.0002560114022344351,0.732422857793669,0.4947803603795668
a04-mask-light,phase1,30,0.9977485567671585,31,24.08014429640025,103.65386391696698,0.19544216035268244,1.4081666421679987e-05,2688.17724609375,1209,,,0.703590628810418,0.08851255576771039,2496,0.5149931548497616,4.2203967292555084e-05,,,,,,,,,,,,,,,,,,,,,,
a04-mask-light,phase1,31,0.997998717126363,32,23.980141202919185,104.08612605234173,0.18996565769880247,1.1437544784878526e-05,2656.01611328125,1248,,,0.7048870300253233,0.08854948701814581,2496,0.5131323413971143,4.4931731899247955e-05,,,,,,,,,,,,,,,,,,,,,,
a04-mask-light,phase1,32,0.9982488774855677,33,23.96983573399484,104.13087631051586,0.17000137919034713,9.060259326004838e-06,2631.84228515625,1287,,,0.7053116580996758,0.08595670495803158,2496,0.5124624381080652,3.803184855691382e-05,,,,,,,,,,,,,,,,,,,,,,
a04-mask-light,phase1,33,0.9984990378447723,34,24.23492710199207,102.99185095526171,0.14700753566546318,6.966049315278797e-06,2574.42138671875,1326,,,0.7060431192318598,0.08506986332866244,2496,0.5113430719536084,3.750122652581339e-05,,,,,,,,,,,,,,,,,,,,,,
a04-mask-light,phase1,34,0.9987491982039769,35,51.11901421099901,48.827232655494925,0.14106027017801237,5.169220330574654e-06,2598.46826171875,1365,,,0.7033529482208766,0.0848586334226032,2496,0.5130993998967684,3.7712725743633566e-05,117,0.00026602024196559546,global_seeded_cross_subject_permutation_v1,1872,complete,80,1872,0.7329057241097475,9.945878028869629,0.02590072403351466,0.02859986573457718,"[""effective_rank_below_threshold"",""context_shuffle_gap_below_threshold""]",0.49166027195433265,2.6666371822357178,2.521578311920166,2.4033851623535156,0.0,context_encoder_final_norm_full_view_mean_pool,false,0.000265721045434475,0.7329567953633765,0.49163899820608414
a04-mask-light,phase1,35,0.9989993585631816,36,24.19553184695542,103.15954267044052,0.1281127895300205,3.6820465358185858e-06,2652.14013671875,1404,,,0.7052897300857764,0.08247753114511187,2496,0.5113028197143322,3.4506951061507e-05,,,,,,,,,,,,,,,,,,,,,,
a04-mask-light,phase1,36,0.9992495189223861,37,24.18569912854582,103.20148227817938,0.11967340398293275,2.5146868360031467e-06,2619.54833984375,1443,,,0.7046491371897551,0.08338113684350482,2496,0.5117450546568785,3.4637174051564936e-05,,,,,,,,,,,,,,,,,,,,,,
a04-mask-light,phase1,37,0.9994996792815908,38,24.109343929216266,103.52832525547446,0.10797150146502715,1.675115481565245e-06,2658.68603515625,1482,,,0.703898223164754,0.08494018338238582,2496,0.512035406457308,3.739163478461576e-05,,,,,,,,,,,,,,,,,,,,,,
a04-mask-light,phase1,38,0.9997498396407953,39,24.668097260408103,101.18332085572078,0.1030195855941528,1.1690675961698425e-06,2718.55908203125,1521,,,0.7050951316188543,0.08491622840460294,2496,0.5112003486316937,3.485791810263163e-05,,,,,,,,,,,,,,,,,,,,,,
a04-mask-light,phase1,39,1.0,40,50.870599737390876,49.065668831999076,0.09899065586236808,1e-06,2637.61083984375,1560,,,0.7034845634912833,0.08369563000563246,2496,0.512426011550885,3.301169822450972e-05,117,0.0002667541400744365,global_seeded_cross_subject_permutation_v1,1872,complete,80,1872,0.7327118210303478,9.987212181091309,0.02600836505492528,0.028503617271780968,"[""effective_rank_below_threshold"",""context_shuffle_gap_below_threshold""]",0.49122976823749703,2.74851131439209,2.6080129146575928,2.4976227283477783,0.0,context_encoder_final_norm_full_view_mean_pool,false,0.00026630652137100687,0.7327631750144066,0.49120843474132314
a05-mask-heavy,phase1,0,0.9902437459910198,1,24.212183800525963,103.08859459202434,0.4190377868138827,5.4415584415584414e-05,1979.71044921875,39,,,0.1517433650981566,3.6193065536327853,2496,0.7898173408630567,0.4165516755519769,,,,,,,,,,,,,,,,,,,,,,
a05-mask-heavy,phase1,1,0.9904939063502245,2,24.03935967758298,103.82972065298199,0.7975355379092388,0.0001,2029.86181640625,78,,,0.6742692426420175,4.897648537770296,2496,0.6228791993015852,0.15185638320130798,,,,,,,,,,,,,,,,,,,,,,
a05-mask-heavy,phase1,2,0.9907440667094292,3,23.999556861817837,104.00192030091264,1.0671807038478363,9.983093240383017e-05,1986.54052734375,117,,,0.8034049826554763,3.558249144217907,2496,0.5130749923678545,0.03238536292710938,,,,,,,,,,,,,,,,,,,,,,
a05-mask-heavy,phase1,3,0.9909942270686337,4,24.12434224318713,103.46396079275017,1.1439335101690047,9.932488451843476e-05,1948.92529296875,156,,,0.7852103423613769,2.3594940640987496,2496,0.5001555878000382,0.018968420571838625,,,,,,,,,,,,,,,,,,,,,,
a05-mask-heavy,phase1,4,0.9912443874278384,5,50.752200823277235,49.18013326537797,1.0038193066914876,9.848531316399685e-05,1975.13232421875,195,,,0.7519464937922282,1.8069939089891238,2496,0.5245081956187884,0.012855108119905569,117,2.347762322323954e-05,global_seeded_cross_subject_permutation_v1,1872,complete,80,1872,0.7549793633640322,4.257028102874756,0.011086010684569677,0.06091180071234703,"[""effective_rank_below_threshold"",""context_shuffle_gap_below_threshold""]",0.5247503493586158,5.029325008392334,4.862409591674805,4.727777004241943,0.0,context_encoder_final_norm_full_view_mean_pool,false,2.3671224092443784e-05,0.7549745692871509,0.524771845138942
a05-mask-heavy,phase1,5,0.9914945477870429,6,23.920704746618867,104.34475181391984,0.8676704244735913,9.731795346418142e-05,1954.28466796875,234,,,0.7371127540484453,1.4461095035076141,2496,0.5417067727599388,0.009168416878077177,,,,,,,,,,,,,,,,,,,,,,
a05-mask-heavy,phase1,6,0.9917447081462476,7,24.22120762616396,103.05018802216117,0.7566107373971206,9.583077966942534e-05,2050.77099609375,273,,,0.7336934243257229,1.2360631028811138,2496,0.5479406693424934,0.0067697287558052596,,,,,,,,,,,,,,,,,,,,,,
a05-mask-heavy,phase1,7,0.9919948685054522,8,24.10938379727304,103.52815405768757,0.5965095238807874,9.403395068472121e-05,2027.59912109375,312,,,0.7343583447046769,1.0627758795252213,2496,0.54784457022563,0.004849019583511667,,,,,,,,,,,,,,,,,,,,,,
a05-mask-heavy,phase1,8,0.9922450288646568,9,23.933598309755325,104.28853896919593,0.5842481568837777,9.193974067399516e-05,2013.75537109375,351,,,0.7361307006615859,0.927327801210758,2496,0.5448075315127006,0.003976504879224544,,,,,,,,,,,,,,,,,,,,,,
a05-mask-heavy,phase1,9,0.9924951892238615,10,50.40993476752192,49.514049393456496,0.5458494952091804,8.956245521512149e-05,1968.52978515625,390,,,0.7377958102868154,0.8057069971393316,2496,0.5403522373392031,0.002896568025253379,117,0.00010245056170174199,global_seeded_cross_subject_permutation_v1,1872,complete,80,1872,0.7551385041994926,5.467111110687256,0.014237268517414728,0.038353633135557175,"[""effective_rank_below_threshold"",""context_shuffle_gap_below_threshold""]",0.5266182621320089,3.56544828414917,3.453002691268921,3.320697069168091,0.0,context_encoder_final_norm_full_view_mean_pool,false,0.0001023024165381988,0.7551374225256343,0.526614756975323
a05-mask-heavy,phase1,10,0.992745349583066,11,23.839284864254296,104.7011273288074,0.47519639210823256,8.691833357832002e-05,2050.59521484375,429,,,0.7394471653761008,0.7281131687072607,2496,0.5354821582635244,0.00227937706651387,,,,,,,,,,,,,,,,,,,,,,
a05-mask-heavy,phase1,11,0.9929955099422707,12,23.831990358419716,104.73317429478467,0.486193128885367,8.40254377954742e-05,1988.36669921875,468,,,0.7405648827552795,0.6668949471070216,2496,0.530901989302574,0.002038878986077646,,,,,,,,,,,,,,,,,,,,,,
a05-mask-heavy,phase1,12,0.9932456703014753,13,23.97204329725355,104.1212869945869,0.44804846170621043,8.090352927813856e-05,1981.32177734375,507,,,0.742058467788574,0.607248646613115,2496,0.5261071102741437,0.001659421013755491,,,,,,,,,,,,,,,,,,,,,,
a05-mask-heavy,phase1,13,0.9934958306606799,14,24.061211899854243,103.73542323589778,0.4409781526296567,7.757393382706015e-05,1985.04638671875,546,,,0.7432964988625966,0.583981574823459,2496,0.5218478196706527,0.0015310661191716252,,,,,,,,,,,,,,,,,,,,,,
a05-mask-heavy,phase1,14,0.9937459910198846,15,50.775744731538,49.15732921687067,0.4288793947452154,7.405939595533515e-05,1942.21728515625,585,,,0.7446745055226179,0.5416243266409788,2496,0.5176215041906406,0.001299137209477918,117,0.00012130371462076138,global_seeded_cross_subject_permutation_v1,1872,complete,80,1872,0.7636493286515913,6.385140419006348,0.016627969841162365,0.032299723476171494,"[""effective_rank_below_threshold"",""context_shuffle_gap_below_threshold""]",0.5020336213274899,3.019526243209839,2.925654172897339,2.7824814319610596,0.0,context_encoder_final_norm_full_view_mean_pool,false,0.0001214419181148211,0.7636455521297953,0.5020328049237529
a05-mask-heavy,phase1,15,0.9939961513790891,16,23.560074201785028,105.94194138025638,0.4313223484234932,7.038392352032199e-05,2106.60888671875,624,,,0.7458082066896634,0.49729938451678324,2496,0.5137576957543691,0.0010572734278796886,,,,,,,,,,,,,,,,,,,,,,
a05-mask-heavy,phase1,16,0.9942463117382938,17,23.828673169016838,104.74775419914764,0.38162954037006086,6.657262372563184e-05,1980.30810546875,663,,,0.7468485965942725,0.46977788945421195,2496,0.5101517501931924,0.0009684436722753348,,,,,,,,,,,,,,,,,,,,,,
a05-mask-heavy,phase1,17,0.9944964720974984,18,23.969678771682084,104.13155819796754,0.40829166846397597,6.265153161346956e-05,1947.34521484375,702,,,0.7491345113286605,0.4470358102176434,2496,0.505637900187419,0.0008816637382085155,,,,,,,,,,,,,,,,,,,,,,
a05-mask-heavy,phase1,18,0.994746632456703,19,23.791179795749485,104.91282994069648,0.3902390690950247,5.864743221889633e-05,1992.57861328125,741,,,0.7493598801203263,0.43702837934669775,2496,0.5028354831230946,0.0007863989188384343,,,,,,,,,,,,,,,,,,,,,,
a05-mask-heavy,phase1,19,0.9949967928159076,20,50.27253297250718,49.64937814780492,0.3894392993205633,5.458767760088046e-05,2004.77587890625,780,,,0.7515519440938265,0.4232464216840573,2496,0.49876856698821753,0.0007435984462879274,117,0.00013183792814230308,global_seeded_cross_subject_permutation_v1,1872,complete,80,1872,0.7705158229567047,7.419748306274414,0.019322261214256287,0.028388800099492073,"[""effective_rank_below_threshold"",""context_shuffle_gap_below_threshold""]",0.4826849604773725,2.676917791366577,2.5698931217193604,2.4511311054229736,0.0,context_encoder_final_norm_full_view_mean_pool,false,0.00013172134446601076,0.770511592676242,0.482686628540978
a05-mask-heavy,phase1,20,0.9952469531751122,21,23.96486922726035,104.15245651166614,0.34699799769963974,5.05e-05,2067.46435546875,819,,,0.7518009293155793,0.3905147019869242,2496,0.4963505844084116,0.0006671257485806611,,,,,,,,,,,,,,,,,,,,,,
a05-mask-heavy,phase1,21,0.9954971135343169,22,23.984572215005755,104.06689673782873,0.3698750627346528,4.6412322399119556e-05,1991.74169921875,858,,,0.7521766632413253,0.3716683306086522,2496,0.4940521946320167,0.0005507404956134474,,,,,,,,,,,,,,,,,,,,,,
a05-mask-heavy,phase1,22,0.9957472738935215,23,24.067489080131054,103.70836740341875,0.33241939086180466,4.2352567781103665e-05,2014.51904296875,897,,,0.7528789257391905,0.3657500731925934,2496,0.4916002087486096,0.0005692410204457515,,,,,,,,,,,,,,,,,,,,,,
a05-mask-heavy,phase1,23,0.9959974342527261,24,24.093169601634145,103.59782632463211,0.33725622296333313,3.834846838653045e-05,1989.90185546875,936,,,0.7543789815062132,0.3629099413848076,2496,0.48869908132996315,0.0005231008012859279,,,,,,,,,,,,,,,,,,,,,,
a05-mask-heavy,phase1,24,0.9962475946119307,25,50.546646748669446,49.38013024703173,0.3182861598638388,3.442737627436817e-05,1976.76123046875,975,,,0.7547310271706337,0.3524976579997784,2496,0.48687873178949725,0.0005001227083749444,117,0.00014028726862027094,global_seeded_cross_subject_permutation_v1,1872,complete,80,1872,0.7740564010082147,7.704496383666992,0.020063792665799458,0.02727271057665348,"[""effective_rank_below_threshold"",""context_shuffle_gap_below_threshold""]",0.47039241592089337,2.6967110633850098,2.585745096206665,2.4522016048431396,0.0,context_encoder_final_norm_full_view_mean_pool,false,0.0001404134867091973,0.7740535181636611,0.47039418869341426
a05-mask-heavy,phase1,25,0.9964977549711354,26,23.865619585849345,104.58559397636401,0.30705230434735614,3.0616076479678025e-05,2012.97900390625,1014,,,0.7542271881531446,0.35446601652373105,2496,0.4861002165155533,0.0005312312268170689,,,,,,,,,,,,,,,,,,,,,,
a05-mask-heavy,phase1,26,0.9967479153303399,27,24.123175867833197,103.46896336017953,0.2780753232729741,2.6940604044664862e-05,2002.24462890625,1053,,,0.7541890925703905,0.33707911946261543,2496,0.4848028853153571,0.00044800227325863374,,,,,,,,,,,,,,,,,,,,,,
a05-mask-heavy,phase1,27,0.9969980756895446,28,23.897869350388646,104.44445751225132,0.2741008091431398,2.3426066172939882e-05,1957.38818359375,1092,,,0.7548716519123468,0.3426875684601374,2496,0.4833027482605897,0.00046369099385255814,,,,,,,,,,,,,,,,,,,,,,
a05-mask-heavy,phase1,28,0.9972482360487492,29,24.07934050541371,103.65732398023232,0.2484815999483451,2.0096470721861445e-05,1980.17333984375,1131,,,0.7546447717990631,0.33885271842472064,2496,0.48261210303276014,0.0004574885237007155,,,,,,,,,,,,,,,,,,,,,,
a05-mask-heavy,phase1,29,0.9974983964079538,30,50.784024361521006,49.14931479694264,0.23398958299404535,1.697456220452583e-05,1938.77392578125,1170,,,0.7561693476178707,0.32135708921421796,2496,0.4805797205712551,0.00040468519268170686,117,0.0001445217615264094,global_seeded_cross_subject_permutation_v1,1872,complete,80,1872,0.7747589711450104,8.177457809448242,0.02129546304543813,0.02594921737909317,"[""effective_rank_below_threshold"",""context_shuffle_gap_below_threshold""]",0.4646552612638881,2.661656141281128,2.5733532905578613,2.4539101123809814,0.0,context_encoder_final_norm_full_view_mean_pool,false,0.00014432448272903763,0.7747569792593517,0.46465718358134234
a05-mask-heavy,phase1,30,0.9977485567671585,31,23.731323189102113,105.17744754941485,0.21543157673799074,1.4081666421679987e-05,1938.37451171875,1209,,,0.7544533881621484,0.33223259864518273,2496,0.4815001201171141,0.00042225128088783746,,,,,,,,,,,,,,,,,,,,,,
a05-mask-heavy,phase1,31,0.997998717126363,32,23.747211260721087,105.10707857846415,0.20379423178159273,1.1437544784878526e-05,1964.28369140625,1248,,,0.7548683887490859,0.31213429861534864,2496,0.48053149573313886,0.00036631998461900416,,,,,,,,,,,,,,,,,,,,,,
a05-mask-heavy,phase1,32,0.9982488774855677,33,23.831715734675527,104.73438118298299,0.18953654170036316,9.060259326004838e-06,1991.22998046875,1287,,,0.7546867485611867,0.30849419027948993,2496,0.48025612896069503,0.0003580320397374565,,,,,,,,,,,,,,,,,,,,,,
a05-mask-heavy,phase1,33,0.9984990378447723,34,23.916466584429145,104.3632424208108,0.18407524549044096,6.966049315278797e-06,1983.30908203125,1326,,,0.7550453908550434,0.31307995195190114,2496,0.47976882163530743,0.00037655393683932146,,,,,,,,,,,,,,,,,,,,,,
a05-mask-heavy,phase1,34,0.9987491982039769,35,51.02146917395294,48.92058265688354,0.16822318388865545,5.169220330574654e-06,2029.51025390625,1365,,,0.7535179123664514,0.3034708982285781,2496,0.4808381710870144,0.00035045766782614826,117,0.00013784922532036773,global_seeded_cross_subject_permutation_v1,1872,complete,80,1872,0.7736756180086707,8.37430477142334,0.02180808534224828,0.025450989603996277,"[""effective_rank_below_threshold"",""context_shuffle_gap_below_threshold""]",0.46374898206474435,2.9168341159820557,2.8248329162597656,2.7048606872558594,0.0,context_encoder_final_norm_full_view_mean_pool,false,0.00013750960739950338,0.7736743396148087,0.4637507947627452
a05-mask-heavy,phase1,35,0.9989993585631816,36,24.052302435040474,103.773848958581,0.15288324501269904,3.6820465358185858e-06,1991.64892578125,1404,,,0.7532985397638419,0.30317473836625236,2496,0.48079619260552603,0.0003229578979660375,,,,,,,,,,,,,,,,,,,,,,
a05-mask-heavy,phase1,36,0.9992495189223861,37,24.015996194444597,103.93072932687161,0.15208371862387046,2.5146868360031467e-06,2107.49365234375,1443,,,0.752946135134269,0.3136372424853154,2496,0.4811033399250263,0.00036537836521105397,,,,,,,,,,,,,,,,,,,,,,
a05-mask-heavy,phase1,37,0.9994996792815908,38,24.07576344627887,103.67272487825426,0.14065325623139358,1.675115481565245e-06,1985.81005859375,1482,,,0.7529026424655547,0.30147860292345285,2496,0.4810195922469481,0.00032764450824483666,,,,,,,,,,,,,,,,,,,,,,
a05-mask-heavy,phase1,38,0.9997498396407953,39,23.78632613644004,104.93423766590807,0.13184454139226523,1.1690675961698425e-06,2024.54052734375,1521,,,0.753730289829083,0.3043425526374426,2496,0.4803017581311556,0.00031450624356338245,,,,,,,,,,,,,,,,,,,,,,
a05-mask-heavy,phase1,39,1.0,40,50.30671028327197,49.61564741453532,0.13131522616514793,1e-06,1929.10693359375,1560,,,0.7523891125351955,0.3168279045762924,2496,0.4814686729357793,0.00038680694424824536,117,0.000137944952545003,global_seeded_cross_subject_permutation_v1,1872,complete,80,1872,0.772999138913603,8.410966873168945,0.02190355956554413,0.025372086092829704,"[""effective_rank_below_threshold"",""context_shuffle_gap_below_threshold""]",0.46402057776084316,2.9914348125457764,2.904057502746582,2.7783427238464355,0.0,context_encoder_final_norm_full_view_mean_pool,false,0.00013762704717616242,0.7729979882016778,0.46402241685427714
a06-pred-depth3,phase1,0,0.9902437459910198,1,27.28488947171718,91.47920509582016,0.3584802337946036,5.4415584415584414e-05,1722.10009765625,39,,,0.10337205391232811,3.7107010911672544,2496,0.7989575740618583,0.4003852081891054,,,,,,,,,,,,,,,,,,,,,,
a06-pred-depth3,phase1,1,0.9904939063502245,2,25.985761758871377,96.05260077272436,0.921608410584621,0.0001,1813.50927734375,78,,,0.5762329653669627,4.704276934648171,2496,0.661218330455132,0.10592225407703947,,,,,,,,,,,,,,,,,,,,,,
a06-pred-depth3,phase1,2,0.9907440667094292,3,25.647868312895298,97.318029301681,1.247617639028109,9.983093240383017e-05,1746.85498046875,117,,,0.7705382865208846,2.856655253813817,2496,0.5405011106377993,0.02163806722129289,,,,,,,,,,,,,,,,,,,,,,
a06-pred-depth3,phase1,3,0.9909942270686337,4,25.169976851902902,99.16576462053033,1.2481401960055034,9.932488451843476e-05,1783.13134765625,156,,,0.739667256291096,1.944617326060931,2496,0.5385671573189589,0.01363330541883046,,,,,,,,,,,,,,,,,,,,,,
a06-pred-depth3,phase1,4,0.9912443874278384,5,53.17124146595597,46.94266921712026,1.13483834419495,9.848531316399685e-05,1779.90185546875,195,,,0.686050224189575,1.46540290919634,2496,0.5739676533983304,0.009645668598703848,117,1.9374566200451973e-05,global_seeded_cross_subject_permutation_v1,1872,complete,80,1872,0.6905467326824481,5.198013782501221,0.013536494225263596,0.04464265704154968,"[""effective_rank_below_threshold"",""context_shuffle_gap_below_threshold""]",0.5735041010074127,4.1788411140441895,3.9988648891448975,3.8306355476379395,0.0,context_encoder_final_norm_full_view_mean_pool,false,1.9419255355993913e-05,0.690547761693597,0.5735053406096995
a06-pred-depth3,phase1,5,0.9914945477870429,6,34.77924037631601,71.76694985264048,0.8027433783580096,9.731795346418142e-05,1810.39013671875,234,,,0.6796334490944178,1.15490645246628,2496,0.5851894441323403,0.005947891446666267,,,,,,,,,,,,,,,,,,,,,,
a06-pred-depth3,phase1,6,0.9917447081462476,7,28.73049794510007,86.8763223237378,0.705013496753497,9.583077966942534e-05,1719.98291015625,273,,,0.6899568744194813,0.9362853989005089,2496,0.5820080146957667,0.00417669794413273,,,,,,,,,,,,,,,,,,,,,,
a06-pred-depth3,phase1,7,0.9919948685054522,8,25.35159519035369,98.45534299749826,0.517141668460308,9.403395068472121e-05,1735.87158203125,312,,,0.6953725373515716,0.784785155302439,2496,0.5766965381992168,0.002750665207247202,,,,,,,,,,,,,,,,,,,,,,
a06-pred-depth3,phase1,8,0.9922450288646568,9,25.25000580213964,98.85146243366381,0.5046691573583163,9.193974067399516e-05,1802.95947265625,351,,,0.6958088853802437,0.6598499747805107,2496,0.5726192117883608,0.0020824427214952614,,,,,,,,,,,,,,,,,,,,,,
a06-pred-depth3,phase1,9,0.9924951892238615,10,51.32982797175646,48.62669715887983,0.47414714174392897,8.956245521512149e-05,1754.86572265625,390,,,0.6954384824404349,0.5784886140280809,2496,0.5690854415297508,0.0016779195023282694,117,8.602268420732938e-05,global_seeded_cross_subject_permutation_v1,1872,complete,80,1872,0.7154961309881291,6.9351983070373535,0.018060412257909775,0.03606104105710983,"[""effective_rank_below_threshold"",""context_shuffle_gap_below_threshold""]",0.555047747416374,2.6325643062591553,2.470966100692749,2.356555461883545,0.0,context_encoder_final_norm_full_view_mean_pool,false,8.646196996172267e-05,0.7154887181396287,0.5550505621669195
a06-pred-depth3,phase1,10,0.992745349583066,11,24.420561350882053,102.20895269919117,0.4649837062909053,8.691833357832002e-05,1814.21923828125,429,,,0.6963389120422877,0.5135856154255378,2496,0.5652152693424469,0.001429415735075077,,,,,,,,,,,,,,,,,,,,,,
a06-pred-depth3,phase1,11,0.9929955099422707,12,24.60099465865642,101.4593123014937,0.4491164057682722,8.40254377954742e-05,1814.33837890625,468,,,0.6968406028090379,0.4431237182938136,2496,0.5618457687206757,0.0010479520211587301,,,,,,,,,,,,,,,,,,,,,,
a06-pred-depth3,phase1,12,0.9932456703014753,13,24.139609029516578,103.39852633686111,0.4361830460719573,8.090352927813856e-05,1811.59033203125,507,,,0.6980899541805952,0.3983758813104568,2496,0.5581800301487629,0.0008394421768174745,,,,,,,,,,,,,,,,,,,,,,
a06-pred-depth3,phase1,13,0.9934958306606799,14,24.052887354046106,103.77132538227808,0.43573764042976576,7.757393382706015e-05,1835.34033203125,546,,,0.6991931557273253,0.3570166207276858,2496,0.5548822591320063,0.0006724631904291575,,,,,,,,,,,,,,,,,,,,,,
a06-pred-depth3,phase1,14,0.9937459910198846,15,51.030514411628246,48.91191140787795,0.4590311050415039,7.405939595533515e-05,1761.16064453125,585,,,0.7006568925885054,0.3225900780600615,2496,0.5509237971825477,0.0005813646446721321,117,0.00011460551530377478,global_seeded_cross_subject_permutation_v1,1872,complete,80,1872,0.7238836099958827,8.105382919311523,0.021107768019040424,0.03146388754248619,"[""effective_rank_below_threshold"",""context_shuffle_gap_below_threshold""]",0.5342713034051096,2.4389944076538086,2.2347965240478516,2.111882209777832,0.0,context_encoder_final_norm_full_view_mean_pool,false,0.00011445484124124053,0.7238733863147595,0.5342780623274546
a06-pred-depth3,phase1,15,0.9939961513790891,16,24.344607301987708,102.52783990465949,0.3927951279358986,7.038392352032199e-05,1691.19189453125,624,,,0.7024575859690324,0.2977709617847816,2496,0.5469737614576633,0.0005139935089970002,,,,,,,,,,,,,,,,,,,,,,
a06-pred-depth3,phase1,16,0.9942463117382938,17,24.118854777887464,103.48750067056962,0.45262570182482403,6.657262372563184e-05,1771.23388671875,663,,,0.7040685883317238,0.27778407272238,2496,0.5430982500696794,0.0004669925381863439,,,,,,,,,,,,,,,,,,,,,,
a06-pred-depth3,phase1,17,0.9944964720974984,18,23.754041883163154,105.0768543844811,0.44046176014802396,6.265153161346956e-05,1782.36083984375,702,,,0.7059712748114879,0.2660915821026533,2496,0.5390962520853068,0.0004261283208203774,,,,,,,,,,,,,,,,,,,,,,
a06-pred-depth3,phase1,18,0.994746632456703,19,24.242809767834842,102.95836266106711,0.41839433633364165,5.864743221889633e-05,1780.35107421875,741,,,0.7082482614578345,0.23523103369352144,2496,0.5348362521483347,0.00030018505807068624,,,,,,,,,,,,,,,,,,,,,,
a06-pred-depth3,phase1,19,0.9949967928159076,20,50.50086333602667,49.42489761792618,0.42306680098558086,5.458767760088046e-05,1834.98583984375,780,,,0.7099248486069533,0.22369974703551868,2496,0.5311768215436202,0.00026301126045743725,117,0.00012181751812115694,global_seeded_cross_subject_permutation_v1,1872,complete,80,1872,0.7331105114048363,8.790995597839355,0.022893217702706654,0.02912157028913498,"[""effective_rank_below_threshold"",""context_shuffle_gap_below_threshold""]",0.513644486411005,2.1636228561401367,2.03905987739563,1.9153437614440918,0.0,context_encoder_final_norm_full_view_mean_pool,false,0.00012183080737789471,0.733100927900523,0.5136526978729914
a06-pred-depth3,phase1,20,0.9952469531751122,21,24.063033687882125,103.72756953155735,0.39443830343393177,5.05e-05,1759.18115234375,819,,,0.7097143057065133,0.21503260650504857,2496,0.5291705173559678,0.0002536961992256273,,,,,,,,,,,,,,,,,,,,,,
a06-pred-depth3,phase1,21,0.9954971135343169,22,23.51270735822618,106.15536364963718,0.3497484456270169,4.6412322399119556e-05,1761.07763671875,858,,,0.7115860462952883,0.2027167707013014,2496,0.5256966742185446,0.00020686150668179602,,,,,,,,,,,,,,,,,,,,,,
a06-pred-depth3,phase1,22,0.9957472738935215,23,24.26891666930169,102.84760683847284,0.37006827806815124,4.2352567781103665e-05,1766.14404296875,897,,,0.7126049368809431,0.20259258905664468,2496,0.523130850150035,0.00023804526432659492,,,,,,,,,,,,,,,,,,,,,,
a06-pred-depth3,phase1,23,0.9959974342527261,24,24.190117357298732,103.182632937781,0.38267948153691417,3.834846838653045e-05,1849.33251953125,936,,,0.7146036426226298,0.19261323541211775,2496,0.5198505285840768,0.00020487258152439397,,,,,,,,,,,,,,,,,,,,,,
a06-pred-depth3,phase1,24,0.9962475946119307,25,50.79783758800477,49.135949845813855,0.3487130541067857,3.442737627436817e-05,1761.29638671875,975,,,0.7149144208584076,0.1841992810368538,2496,0.517998744853032,0.00018115538572315834,117,0.00012892247456261236,global_seeded_cross_subject_permutation_v1,1872,complete,80,1872,0.7390784590672224,9.103829383850098,0.023707889020442963,0.027685122564435005,"[""effective_rank_below_threshold"",""context_shuffle_gap_below_threshold""]",0.49925728307829964,2.217465400695801,2.1181766986846924,1.9871759414672852,0.0,context_encoder_final_norm_full_view_mean_pool,false,0.0001290194224566221,0.7390686532172064,0.49926616488955905
a06-pred-depth3,phase1,25,0.9964977549711354,26,24.221593148075044,103.04854782842243,0.32241886854171753,3.0616076479678025e-05,1731.8203125,1014,,,0.7143182955109156,0.18514180570267713,2496,0.5171037499721234,0.00018819868753384164,,,,,,,,,,,,,,,,,,,,,,
a06-pred-depth3,phase1,26,0.9967479153303399,27,23.71948183979839,105.22995472068101,0.28539658586184186,2.6940604044664862e-05,1779.29931640625,1053,,,0.7146744628747305,0.1849636901408816,2496,0.5155744274648336,0.0001730527603096896,,,,,,,,,,,,,,,,,,,,,,
a06-pred-depth3,phase1,27,0.9969980756895446,28,23.96022572554648,104.17264130106904,0.28937187255957186,2.3426066172939882e-05,1757.0859375,1092,,,0.7161685719321935,0.1699107087766513,2496,0.5133897925798709,0.00014514927666234656,,,,,,,,,,,,,,,,,,,,,,
a06-pred-depth3,phase1,28,0.9972482360487492,29,23.750328729860485,105.0932822189473,0.264733496766824,2.0096470721861445e-05,1770.93896484375,1131,,,0.7157120576653725,0.1715429129365545,2496,0.5128348656953909,0.00016156423263346243,,,,,,,,,,,,,,,,,,,,,,
a06-pred-depth3,phase1,29,0.9974983964079538,30,50.468018028885126,49.45706404740179,0.2300577992812181,1.697456220452583e-05,1884.07763671875,1170,,,0.7187706587406305,0.16437563921014467,2496,0.5097372278762169,0.0001335377579995732,117,0.00013006297059548207,global_seeded_cross_subject_permutation_v1,1872,complete,80,1872,0.7414383159743415,9.349987030029297,0.024348924557367962,0.026969728991389275,"[""effective_rank_below_threshold"",""context_shuffle_gap_below_threshold""]",0.49198022179114514,2.484280824661255,2.377014636993408,2.224526882171631,0.0,context_encoder_final_norm_full_view_mean_pool,false,0.00012998362071812153,0.7414282030736407,0.4919896247331053
a06-pred-depth3,phase1,30,0.9977485567671585,31,23.806142823770642,104.84688840511039,0.22326257481024817,1.4081666421679987e-05,1728.66650390625,1209,,,0.7162595314857287,0.16944102324449864,2496,0.5111940567118999,0.00014909819012532994,,,,,,,,,,,,,,,,,,,,,,
a06-pred-depth3,phase1,31,0.997998717126363,32,23.92209558840841,104.3386851614058,0.22025541617320135,1.1437544784878526e-05,1721.65771484375,1248,,,0.7172489032531396,0.16341608557372522,2496,0.5096477741041244,0.00014429210074349787,,,,,,,,,,,,,,,,,,,,,,
a06-pred-depth3,phase1,32,0.9982488774855677,33,23.779799931682646,104.96303615551001,0.20169842701691848,9.060259326004838e-06,1790.21044921875,1287,,,0.7164337188005447,0.16520137132073826,2496,0.5099046173959206,0.00015631165151743558,,,,,,,,,,,,,,,,,,,,,,
a06-pred-depth3,phase1,33,0.9984990378447723,34,23.743688207119703,105.12267421249062,0.18236912137422806,6.966049315278797e-06,1800.72216796875,1326,,,0.7172506325520002,0.1585100484916415,2496,0.5090285661893014,0.00012256591588256108,,,,,,,,,,,,,,,,,,,,,,
a06-pred-depth3,phase1,34,0.9987491982039769,35,51.05473073013127,48.888711473056915,0.1655006263500605,5.169220330574654e-06,1791.84912109375,1365,,,0.7155246971509396,0.16128342242863697,2496,0.5102074138629131,0.00014529000179741284,117,0.00012705198083168422,global_seeded_cross_subject_permutation_v1,1872,complete,80,1872,0.7412665603507278,9.45626449584961,0.024625688791275024,0.02650352753698826,"[""effective_rank_below_threshold"",""context_shuffle_gap_below_threshold""]",0.49016550794625896,2.6769962310791016,2.5609796047210693,2.405198097229004,0.0,context_encoder_final_norm_full_view_mean_pool,false,0.00012719566002488135,0.741256357046465,0.4901751705290128
a06-pred-depth3,phase1,35,0.9989993585631816,36,23.990289136767387,104.04209744077839,0.14397542407879463,3.6820465358185858e-06,1742.53662109375,1404,,,0.7161906810525136,0.15982009685383394,2496,0.5094144312808147,0.00012642817784088342,,,,,,,,,,,,,,,,,,,,,,
a06-pred-depth3,phase1,36,0.9992495189223861,37,23.813061823137105,104.81642463863473,0.13937610865403444,2.5146868360031467e-06,1789.37451171875,1443,,,0.7160437733699114,0.1635011030265536,2496,0.5095550088355174,0.0001323459537234274,,,,,,,,,,,,,,,,,,,,,,
a06-pred-depth3,phase1,37,0.9994996792815908,38,24.968836970627308,99.9646080006141,0.13015701851019493,1.675115481565245e-06,1745.0341796875,1482,,,0.715763308872015,0.16212037110175842,2496,0.5096814097502292,0.0001441980057249518,,,,,,,,,,,,,,,,,,,,,,
a06-pred-depth3,phase1,38,0.9997498396407953,39,24.53392953891307,101.73665804497865,0.11852745310618328,1.1690675961698425e-06,1829.99951171875,1521,,,0.7160659310145255,0.1554346708342051,2496,0.5092533068397106,0.00012157767911283384,,,,,,,,,,,,,,,,,,,,,,
a06-pred-depth3,phase1,39,1.0,40,51.35530427843332,48.60257445788703,0.11852668684262496,1e-06,1796.59423828125,1560,,,0.7156433172715015,0.16072687993829066,2496,0.5097488926198238,0.000145251847476821,117,0.00012632387761886304,global_seeded_cross_subject_permutation_v1,1872,complete,80,1872,0.7408450480200287,9.481955528259277,0.024692592521508534,0.02645391784608364,"[""effective_rank_below_threshold"",""context_shuffle_gap_below_threshold""]",0.4901213475272187,2.7592709064483643,2.650426149368286,2.4943978786468506,0.0,context_encoder_final_norm_full_view_mean_pool,false,0.0001264664034048716,0.7408347286283968,0.4901310733674714
a07-clip-var,phase1,0,0.9902437459910198,1,27.190682609565556,91.79615075650652,0.8589062683093243,5.4415584415584414e-05,2151.01123046875,39,2.655207043549476,0.6908553409843873,0.1488269280665778,5.835529503914026,2496,0.7908367667442713,0.37771808886184144,,,,,,,,,,,,,,,,,,,,,,
a07-clip-var,phase1,1,0.9904939063502245,2,26.1322449920699,95.51418183770423,1.3635181203866615,0.0001,2264.67236328125,78,5.590680505220707,0.5183921336936645,0.6596858574029727,7.913963430967087,2496,0.6358395459560248,0.204298393562054,,,,,,,,,,,,,,,,,,,,,,
a07-clip-var,phase1,2,0.9907440667094292,3,25.88539997767657,96.42501186586017,1.4681649513733692,9.983093240383017e-05,2190.17822265625,117,5.1732857177654905,0.49387341756851244,0.7995359817376504,7.479057481655707,2496,0.5256701217821012,0.08630976115520565,,,,,,,,,,,,,,,,,,,,,,
a07-clip-var,phase1,3,0.9909942270686337,4,25.86230879276991,96.51110502159746,1.3798576654532018,9.932488451843476e-05,2211.64404296875,156,4.918670534323423,0.4548083307842414,0.7961590192638911,6.369101039874248,2496,0.4949345773038192,0.05449498110474684,,,,,,,,,,,,,,,,,,,,,,
a07-clip-var,phase1,4,0.9912443874278384,5,52.312820822931826,47.71296903389034,1.3507452622438088,9.848531316399685e-05,2210.61865234375,195,4.731476263358043,0.4424073083851582,0.764153961951916,5.698707462885441,2496,0.5146316114144448,0.045600071537475556,117,0.006503140744872582,global_seeded_cross_subject_permutation_v1,1872,complete,80,1872,0.7681792536352434,7.783950328826904,0.020270703981320064,0.3361356556415558,"[""effective_rank_below_threshold""]",0.5132997764481438,13.183027267456055,11.280027389526367,9.98648452758789,0.0,context_encoder_final_norm_full_view_mean_pool,false,0.006518197618424895,0.7681635154411197,0.5133288636803629
a07-clip-var,phase1,5,0.9914945477870429,6,25.160335649736226,99.20376400170032,1.3143365367864952,9.731795346418142e-05,2260.88427734375,234,4.679241668719512,0.4335173874711379,0.7489543650776912,5.33545385262905,2496,0.5311822088865134,0.04076301974530976,,,,,,,,,,,,,,,,,,,,,,
a07-clip-var,phase1,6,0.9917447081462476,7,24.937568619847298,100.0899501490889,1.1644405478086226,9.583077966942534e-05,2168.72509765625,273,4.57452422991777,0.4300930362481337,0.7480757226928686,5.076040522410319,2496,0.536335113338935,0.03646278594477245,,,,,,,,,,,,,,,,,,,,,,
a07-clip-var,phase1,7,0.9919948685054522,8,24.735493230633438,100.90763004914947,1.183486669491499,9.403395068472121e-05,2196.07666015625,312,4.538830205416068,0.4261151374532626,0.7513707463557904,4.9229810039202375,2496,0.5354490041350707,0.03385612775141803,,,,,,,,,,,,,,,,,,,,,,
a07-clip-var,phase1,8,0.9922450288646568,9,24.63585170172155,101.31575844100328,1.0659479009799468,9.193974067399516e-05,2254.55908203125,351,4.495846380790074,0.42406829876395374,0.7533519950050575,4.801786902623299,2496,0.533526979577847,0.030373398220548645,,,,,,,,,,,,,,,,,,,,,,
a07-clip-var,phase1,9,0.9924951892238615,10,50.95221296697855,48.98707739382437,1.0542478423852186,8.956245521512149e-05,2176.41552734375,390,4.495153712920653,0.4212349251103707,0.7565514924816596,4.727517374050923,2496,0.5295043564759768,0.028532932536342204,117,0.03877745369751739,global_seeded_cross_subject_permutation_v1,1872,complete,80,1872,0.776792499754164,15.559825897216797,0.04052037994066874,0.41206690669059753,"[""effective_rank_below_threshold""]",0.5136337945094476,13.035773277282715,10.957847595214844,9.064896583557129,0.0,context_encoder_final_norm_full_view_mean_pool,false,0.03876233763682347,0.7767063970677555,0.5137154843658208
a07-clip-var,phase1,10,0.992745349583066,11,24.53497033007443,101.73234230246685,0.9415770494020902,8.691833357832002e-05,2270.34912109375,429,4.450113132978097,0.4203132974604766,0.7580688630159085,4.631311786480439,2496,0.526163671643306,0.025818395977601025,,,,,,,,,,,,,,,,,,,,,,
a07-clip-var,phase1,11,0.9929955099422707,12,24.47508477140218,101.98126067029773,0.9211459985146155,8.40254377954742e-05,2265.37841796875,468,4.4110629329314595,0.41944565375645954,0.7586243947347006,4.544551941064688,2496,0.5235849897830914,0.023251426430084765,,,,,,,,,,,,,,,,,,,,,,
a07-clip-var,phase1,12,0.9932456703014753,13,24.417429263703525,102.22206330747113,0.9381713913037226,8.090352927813856e-05,2266.34619140625,507,4.399938830962548,0.41867970866270554,0.7582488875740614,4.485509078472089,2496,0.5217072239670998,0.02221402420829504,,,,,,,,,,,,,,,,,,,,,,
a07-clip-var,phase1,13,0.9934958306606799,14,24.916806602850556,100.17335045312147,0.893058581229968,7.757393382706015e-05,2291.47216796875,546,4.385282079378764,0.4185372561407395,0.7560223155678847,4.436284079765662,2496,0.5219395731886228,0.02042932078266182,,,,,,,,,,,,,,,,,,,,,,
a07-clip-var,phase1,14,0.9937459910198846,15,51.26096093095839,48.69202517217295,0.8753641232466086,7.405939595533515e-05,2210.40185546875,585,4.337814875138112,0.41861679796607065,0.7543157681058614,4.359966876415106,2496,0.5217003276905953,0.019156674081340242,117,0.0523562543412559,global_seeded_cross_subject_permutation_v1,1872,complete,80,1872,0.7672877576616075,25.219511032104492,0.06567580997943878,0.4457109272480011,[],0.5111004361230084,13.172905921936035,10.947951316833496,8.851972579956055,0.0,context_encoder_final_norm_full_view_mean_pool,true,0.05227135888611276,0.7671756373097499,0.5112072211690247
a07-clip-var,phase1,15,0.9939961513790891,16,24.144393905065954,103.3780350757238,0.8064250747362772,7.038392352032199e-05,2104.02099609375,624,4.339319841219829,0.416743023846394,0.7534044459462166,4.322327783474555,2496,0.5213011902494308,0.017657143684724968,,,,,,,,,,,,,,,,,,,,,,
a07-clip-var,phase1,16,0.9942463117382938,17,23.642841118387878,105.57106853197826,0.7942314530030276,6.657262372563184e-05,2204.49853515625,663,4.338600701246506,0.41590396114266837,0.7505646810317651,4.293418150681716,2496,0.5225043228994577,0.016331257432914123,,,,,,,,,,,,,,,,,,,,,,
a07-clip-var,phase1,17,0.9944964720974984,18,23.72714133374393,105.19598483826933,0.7475350621419076,6.265153161346956e-05,2212.74951171875,702,4.363533281362974,0.4135858205457528,0.7485727555094621,4.2924870535349235,2496,0.5236322332460147,0.015372401912314579,,,,,,,,,,,,,,,,,,,,,,
a07-clip-var,phase1,18,0.994746632456703,19,24.205196258611977,103.11835414728138,0.7205956012774737,5.864743221889633e-05,2213.33349609375,741,4.303560891212562,0.41408313486056453,0.746030351290336,4.206283234632933,2496,0.5251208293514374,0.01418378080527943,,,,,,,,,,,,,,,,,,,,,,
a07-clip-var,phase1,19,0.9949967928159076,20,50.41292032506317,49.51111706891327,0.6803285372562897,5.458767760088046e-05,2282.89892578125,780,4.31610884421911,0.41384325806911176,0.7441730090440848,4.19958403477302,2496,0.5263072160574106,0.013651387909284005,117,0.0604256143172582,global_seeded_cross_subject_permutation_v1,1872,complete,80,1872,0.7547882805522691,29.42331886291504,0.07662322620550792,0.4655695855617523,[],0.5178969008290869,13.67491626739502,11.31128978729248,9.292412757873535,0.0,context_encoder_final_norm_full_view_mean_pool,true,0.06029834235087037,0.7546641328372059,0.5180222866280626
a07-clip-var,phase1,20,0.9952469531751122,21,23.977173347957432,104.09900966131312,0.7295752198268206,5.05e-05,2204.78369140625,819,4.3296980529259415,0.4117559541303378,0.7399850737972137,4.190311726087179,2496,0.5294928319561176,0.012987203412474347,,,,,,,,,,,,,,,,,,,,,,
a07-clip-var,phase1,21,0.9954971135343169,22,24.15240783803165,103.343733541534,0.6587455853437766,4.6412322399119556e-05,2169.49560546875,858,4.322975902985304,0.41163844452836573,0.7378595247864723,4.165303996740243,2496,0.5310242027044296,0.012057431316815125,,,,,,,,,,,,,,,,,,,,,,
a07-clip-var,phase1,22,0.9957472738935215,23,24.193860556930304,103.16666883843074,0.659057630942418,4.2352567781103665e-05,2210.82666015625,897,4.301700258866335,0.4117551689537672,0.7364811135026125,4.133414202775711,2496,0.5320859690889334,0.011506301271788871,,,,,,,,,,,,,,,,,,,,,,
a07-clip-var,phase1,23,0.9959974342527261,24,24.148119745776057,103.36208476175854,0.6428174682152576,3.834846838653045e-05,2314.61669921875,936,4.329640359450609,0.41065865143751484,0.7347720817495615,4.140624150251731,2496,0.5334340423727647,0.011081418610560015,,,,,,,,,,,,,,,,,,,,,,
a07-clip-var,phase1,24,0.9962475946119307,25,50.84795410744846,49.087520703893446,0.5911491582026849,3.442737627436817e-05,2214.23974609375,975,4.315666475357154,0.40915064647411686,0.732481124309393,4.110256201945818,2496,0.5352993819576043,0.01045180308089281,117,0.06554520474030422,global_seeded_cross_subject_permutation_v1,1872,complete,80,1872,0.7396861594966334,32.93338394165039,0.08576402068138123,0.4846498668193817,[],0.529749428614592,13.395758628845215,11.309646606445312,8.716312408447266,0.0,context_encoder_final_norm_full_view_mean_pool,true,0.06535137913500268,0.7395341718258956,0.5299056830195089
a07-clip-var,phase1,25,0.9964977549711354,26,24.285792203620076,102.77614084287283,0.5956375858722589,3.0616076479678025e-05,2172.23486328125,1014,4.318564669444011,0.4093003645539284,0.7314926689633956,4.107666283081739,2496,0.536085952933018,0.010298245358101737,,,,,,,,,,,,,,,,,,,,,,
a07-clip-var,phase1,26,0.9967479153303399,27,24.334932170808315,102.56860312905044,0.5812644996704199,2.6940604044664862e-05,2201.01806640625,1053,4.3391460203207455,0.4081706576622449,0.7275723159695283,4.117154861872013,2496,0.5391779284064586,0.009902814076317904,,,,,,,,,,,,,,,,,,,,,,
a07-clip-var,phase1,27,0.9969980756895446,28,24.043449945747852,103.81205715619127,0.5902208487192789,2.3426066172939882e-05,2203.84033203125,1092,4.2955359778343105,0.4094892080204609,0.7263924934161015,4.066410409334378,2496,0.5402054041624069,0.009467778322943605,,,,,,,,,,,,,,,,,,,,,,
a07-clip-var,phase1,28,0.9972482360487492,29,24.267618735320866,102.85310755962797,0.5678913096586863,2.0096470721861445e-05,2241.18798828125,1131,4.338044682374368,0.40708823330127275,0.7253587391131964,4.090614049098431,2496,0.5410560342745904,0.009354781007203154,,,,,,,,,,,,,,,,,,,,,,
a07-clip-var,phase1,29,0.9974983964079538,30,50.553307097405195,49.37362446319788,0.5700133007306319,1.697456220452583e-05,2353.85986328125,1170,4.303007145722707,0.4079398579704456,0.727328590857677,4.052063994682753,2496,0.5395075902342796,0.009018095556455545,117,0.06557397315135369,global_seeded_cross_subject_permutation_v1,1872,complete,80,1872,0.7320248892164638,35.829551696777344,0.09330612421035767,0.48771896958351135,[],0.5362721085548401,13.382038116455078,11.045620918273926,8.742156982421875,0.0,context_encoder_final_norm_full_view_mean_pool,true,0.06542566916905344,0.731913082115352,0.5364016804688923
a07-clip-var,phase1,30,0.9977485567671585,31,24.23226608801633,103.00316078298412,0.5686186628463941,1.4081666421679987e-05,2175.26904296875,1209,4.309804355486845,0.40858875597134614,0.7237739243950599,4.063728381425906,2496,0.5425252801714799,0.008879855857230723,,,,,,,,,,,,,,,,,,,,,,
a07-clip-var,phase1,31,0.997998717126363,32,23.71970831323415,105.228949995451,0.5295887826344906,1.1437544784878526e-05,2157.35595703125,1248,4.296043697075966,0.40883055147834313,0.722369331962023,4.041405858137669,2496,0.543564094373813,0.008617783654839374,,,,,,,,,,,,,,,,,,,,,,
a07-clip-var,phase1,32,0.9982488774855677,33,24.195640375837684,103.15907995113707,0.5396864490631299,9.060259326004838e-06,2242.71728515625,1287,4.338597171581709,0.4063968219054051,0.7215088733877891,4.07243228264344,2496,0.5443051977035327,0.00849553967008176,,,,,,,,,,,,,,,,,,,,,,
a07-clip-var,phase1,33,0.9984990378447723,34,24.402823517099023,102.28324596336388,0.49560943169471544,6.966049315278797e-06,2266.22314453125,1326,4.299459672891176,0.40762027830649644,0.7213345613235083,4.031267849298624,2496,0.5445554980482811,0.008286496557187863,,,,,,,,,,,,,,,,,,,,,,
a07-clip-var,phase1,34,0.9987491982039769,35,50.979790900833905,48.9605774346001,0.49125919433740467,5.169220330574654e-06,2247.30615234375,1365,4.320955641758748,0.4067863932786844,0.7196824147533147,4.052828065095803,2496,0.5457840227545836,0.008172517887149483,117,0.06558675522732939,global_seeded_cross_subject_permutation_v1,1872,complete,80,1872,0.7255825818094432,37.157291412353516,0.09676377971967061,0.4905277192592621,[],0.5416596822249584,13.404902458190918,11.224331855773926,8.883363723754883,0.0,context_encoder_final_norm_full_view_mean_pool,true,0.06543944501318039,0.7254779568562906,0.5417791759905716
a07-clip-var,phase1,35,0.9989993585631816,36,23.82748879585415,104.75296080862243,0.4816325077643761,3.6820465358185858e-06,2174.89404296875,1404,4.336225385849293,0.4057728095123401,0.7192350324147787,4.059341639280319,2496,0.5460995156795551,0.008112003595436899,,,,,,,,,,,,,,,,,,,,,,
a07-clip-var,phase1,36,0.9992495189223861,37,23.910436438396573,104.38956254231306,0.49531377660922515,2.5146868360031467e-06,2227.99560546875,1443,4.291360580004179,0.4070587234619336,0.7183512605917759,4.0237299509537525,2496,0.5469512586028148,0.007947418629788818,,,,,,,,,,,,,,,,,,,,,,
a07-clip-var,phase1,37,0.9994996792815908,38,23.696216630749404,105.33327066064481,0.4761068507646903,1.675115481565245e-06,2183.73095703125,1482,4.2984276452125645,0.4068206505706677,0.7178512509816732,4.030550054250619,2496,0.5474119310577711,0.007970590771247562,,,,,,,,,,,,,,,,,,,,,,
a07-clip-var,phase1,38,0.9997498396407953,39,23.835409201681614,104.71815184208813,0.47055508693059284,1.1690675961698425e-06,2276.52392578125,1521,4.325290714318935,0.40599821861355734,0.7179359006576049,4.043203890323639,2496,0.5472425994200584,0.007975480668485547,,,,,,,,,,,,,,,,,,,,,,
a07-clip-var,phase1,39,1.0,40,50.586797615513206,49.34093711507376,0.46644286467478824,1e-06,2234.19775390625,1560,4.33578278697454,0.4052637887115662,0.7177264145933665,4.057274303375146,2496,0.5475201142522005,0.008076705845992248,117,0.06610312532538022,global_seeded_cross_subject_permutation_v1,1872,complete,80,1872,0.7240282322606469,37.2735595703125,0.09706656138102214,0.49159500002861023,[],0.5430518475353209,13.369414329528809,11.181364059448242,8.8533935546875,0.0,context_encoder_final_norm_full_view_mean_pool,true,0.06594603635991612,0.7239267393946645,0.543168890538315
b00-clip-var,phase1,0,0.990097460887407,1,102.70885236933827,24.30170274928641,0.7757736360415434,2.7185929648241205e-05,2149.68310546875,39,2.138526625256651,0.716450849118141,0.08850974106136188,5.470083375007678,2496,0.8038279440922614,0.39743457314295644,,,,,,,,,,,,,,,,,,,,,,
b00-clip-var,phase1,1,0.9901974865350089,2,131.27038653288037,19.014189459820066,1.1430707008410723,4.482412060301508e-05,2266.39111328125,78,5.392009111933219,0.5331991820190197,0.4989174574804612,7.878628611564636,2496,0.7016243596489613,0.22312859632074833,117,1.5403088341411363e-05,global_seeded_cross_subject_permutation_v1,1872,complete,80,1872,0.6741335381809462,2.307307481765747,0.006008613233764966,0.03763915225863457,"[""effective_rank_below_threshold"",""context_shuffle_gap_below_threshold""]",0.6331771795566266,15.634700775146484,15.3671875,15.18408203125,0.0,context_encoder_final_norm_full_view_mean_pool,false,1.512281596660614e-05,0.6741312579562266,0.6331939154615005
b00-clip-var,phase1,2,0.990297512182611,3,69.88588825520128,35.71536489434595,1.6167712486707246,6.246231155778895e-05,2188.33447265625,117,5.409221924268282,0.4984970612403674,0.7184758715522594,7.821012651308989,2496,0.6079061281604644,0.10239830752834678,,,,,,,,,,,,,,,,,,,,,,
b00-clip-var,phase1,3,0.9903975378302129,4,93.74922165460885,26.62422104362392,2.0669161876042685,8.010050251256282e-05,2213.08154296875,156,4.781199871729582,0.482031181645699,0.7534875411253709,6.478646237116593,2496,0.5662130323740152,0.05812613506061144,117,4.5720010231702756e-05,global_seeded_cross_subject_permutation_v1,1872,complete,80,1872,0.7633006231397645,4.359278202056885,0.011352286984523138,0.27603253722190857,"[""effective_rank_below_threshold"",""context_shuffle_gap_below_threshold""]",0.5460801552503537,12.610736846923828,11.304281234741211,10.07712173461914,0.0,context_encoder_final_norm_full_view_mean_pool,false,4.573334008455277e-05,0.7632965815874437,0.5460924871110667
b00-clip-var,phase1,4,0.9904975634778148,5,59.04813167825341,42.270600763465666,2.3715849411793246,9.773869346733669e-05,2209.97802734375,195,4.609949589539797,0.45250704110814977,0.7312587625705279,5.64914377224751,2496,0.5638396984491593,0.05212474970194774,,,,,,,,,,,,,,,,,,,,,,
b00-clip-var,phase1,5,0.9905975891254167,6,78.06881720013916,31.971792189462693,1.942250465735411,9.997937475231581e-05,2259.29052734375,234,4.634460427058049,0.4388143894955134,0.7092546916160828,5.354174307523629,2496,0.5718598247338564,0.04653057928841848,117,0.004517638212085789,global_seeded_cross_subject_permutation_v1,1872,complete,80,1872,0.7217907910673027,7.205454349517822,0.018764204035202663,0.32149532437324524,"[""effective_rank_below_threshold""]",0.5626549272455721,12.40877628326416,11.037571907043457,9.96313190460205,0.0,context_encoder_final_norm_full_view_mean_pool,false,0.004530630446970463,0.721763637724022,0.5626917150492469
b00-clip-var,phase1,6,0.9906976147730188,7,49.514533342793584,50.40944206663459,1.79662867081471,9.99049442977617e-05,2169.38134765625,273,4.52495586948517,0.43548882733552885,0.7083801776170731,5.0697667728631925,2496,0.5721868578440104,0.04208447122707581,,,,,,,,,,,,,,,,,,,,,,
b00-clip-var,phase1,7,0.9907976404206207,8,73.44952005334198,33.98252293803016,1.5586839119593303,9.977634416699127e-05,2197.46728515625,312,4.52970135364777,0.4295950502348252,0.714276813925841,4.947647172671098,2496,0.5694426703147399,0.03755562663532029,117,0.013942235141483128,global_seeded_cross_subject_permutation_v1,1872,complete,80,1872,0.7353795715886303,11.578937530517578,0.030153483152389526,0.35701751708984375,"[""effective_rank_below_threshold""]",0.5567186923108549,13.290742874145508,11.144074440002441,9.727259635925293,0.0,context_encoder_final_norm_full_view_mean_pool,false,0.013941188901662824,0.7353470742392045,0.5567595505466068
b00-clip-var,phase1,8,0.9908976660682226,9,45.782527088187635,54.51861569790877,1.3988759181438348,9.959371536264192e-05,2254.73095703125,351,4.480324315719115,0.42788501179371125,0.7227166079175777,4.82384076103186,2496,0.5637205726443193,0.033775850575274,,,,,,,,,,,,,,,,,,,,,,
b00-clip-var,phase1,9,0.9909976917158245,10,74.08802625443786,33.68965440418235,1.239826005238753,9.93572581266801e-05,2175.41552734375,390,4.4906813739201965,0.42415147714125806,0.7326519678418453,4.762314334129676,2496,0.5547539165768868,0.030638833989938483,117,0.024160026198523678,global_seeded_cross_subject_permutation_v1,1872,complete,80,1872,0.7568282907844609,15.588257789611816,0.040594421327114105,0.39099642634391785,"[""effective_rank_below_threshold""]",0.5374628381851392,13.28466796875,11.375414848327637,9.447440147399902,0.0,context_encoder_final_norm_full_view_mean_pool,false,0.024159253512819615,0.7567755416035653,0.5375207626416038
b00-clip-var,phase1,10,0.9910977173634266,11,43.74536160379648,57.057477832881425,1.145332056742448,9.906723172084758e-05,2268.75537109375,429,4.467663113887493,0.4221772636549595,0.7398136938229586,4.68361325829457,2496,0.5465430922997303,0.028079549644667752,,,,,,,,,,,,,,,,,,,,,,
b00-clip-var,phase1,11,0.9911977430110285,12,61.54740119446069,40.554108728552485,1.1023598573146722,9.87239541423959e-05,2265.84716796875,468,4.422621385409282,0.4227402178713909,0.7445450807229067,4.6049106655976715,2496,0.5396511992200826,0.02481802005487948,117,0.03156599532972034,global_seeded_cross_subject_permutation_v1,1872,complete,80,1872,0.7644091533799456,19.634931564331055,0.05113263428211212,0.42605283856391907,[],0.5242278677785498,13.508162498474121,11.376609802246094,9.49721908569336,0.0,context_encoder_final_norm_full_view_mean_pool,true,0.03154076488378147,0.764309301103155,0.5243188459426166
b00-clip-var,phase1,12,0.9912977686586304,13,37.586622724309564,66.4066047728647,1.0423198174207637,9.83278017754206e-05,2266.34619140625,507,4.426374011314833,0.4205645158504828,0.7471022558135864,4.561393894446202,2496,0.5342465683053701,0.022922396815071504,,,,,,,,,,,,,,,,,,,,,,
b00-clip-var,phase1,13,0.9913977943062323,14,62.82865483593196,39.7270959646987,0.9761200975149106,9.78792089781779e-05,2291.47216796875,546,4.401599812201964,0.4207601499481079,0.7481201820266552,4.50542550209241,2496,0.5305995801702524,0.020679694591448285,117,0.03945413301897864,global_seeded_cross_subject_permutation_v1,1872,complete,80,1872,0.7670561156721196,23.312971115112305,0.06071086227893829,0.4420222342014313,[],0.5150371952953502,12.749151229858398,11.268607139587402,9.349835395812988,0.0,context_encoder_final_norm_full_view_mean_pool,true,0.03945912858471275,0.7669315923005344,0.5151574813139933
b00-clip-var,phase1,14,0.9914978199538343,15,39.27193107176572,63.556844083852084,0.9217919386350192,9.737866760683574e-05,2210.02685546875,585,4.366404272042788,0.4202747705082099,0.7492487659821143,4.435173986813961,2496,0.5270579252869655,0.018860345052626844,,,,,,,,,,,,,,,,,,,,,,
b00-clip-var,phase1,15,0.9915978456014363,16,61.96395463310182,40.28148323939624,0.8377146827868927,9.682672647618183e-05,2104.02099609375,624,4.365067582864028,0.41813288829647577,0.7492705864401964,4.388100813596677,2496,0.5250517725944519,0.016748963434320804,117,0.046404958280742675,global_seeded_cross_subject_permutation_v1,1872,complete,80,1872,0.761836355058556,25.583385467529297,0.06662339965502422,0.45220819115638733,[],0.5148680485211886,13.342984199523926,11.429153442382812,9.489192962646484,0.0,context_encoder_final_norm_full_view_mean_pool,true,0.046380664113288124,0.7616700045764448,0.5150379300427933
b00-clip-var,phase1,16,0.9916978712490382,17,32.63100048806518,76.49167854699748,0.8021491658993256,9.622399075787997e-05,2202.71728515625,663,4.3845396148852815,0.41655657832057047,0.7475081431942109,4.374253062101511,2496,0.5248585535356631,0.015317786276006164,,,,,,,,,,,,,,,,,,,,,,
b00-clip-var,phase1,17,0.9917978968966401,18,56.79236445296556,43.949570052980334,0.7351758311956357,9.557112131693398e-05,2211.57763671875,702,4.394246710416598,0.414817511366728,0.7466505838510318,4.3516494165628385,2496,0.5244478789659647,0.013680882322100492,117,0.051746031221670985,global_seeded_cross_subject_permutation_v1,1872,complete,80,1872,0.758684323893653,26.7197322845459,0.06958263615767162,0.4630848169326782,[],0.5148536573108445,13.733521461486816,11.384849548339844,9.231128692626953,0.0,context_encoder_final_norm_full_view_mean_pool,true,0.05170486921754976,0.7585097511609397,0.5150307394564153
b00-clip-var,phase1,18,0.9918979225442421,19,30.388647465966642,82.13593588840575,0.7107495772532928,9.486883398708744e-05,2213.33349609375,741,4.340038449336321,0.4145216410740828,0.7461438650886217,4.2619476570532875,2496,0.523981367261746,0.012530943596711716,,,,,,,,,,,,,,,,,,,,,,
b00-clip-var,phase1,19,0.9919979481918441,20,57.096715337596834,43.71529929947552,0.7195104009065872,9.411789878595315e-05,2282.89892578125,780,4.363081557628436,0.41408237929527575,0.7437839383880297,4.256867822928307,2496,0.5253555526336035,0.01192522676100429,117,0.052371641031951986,global_seeded_cross_subject_permutation_v1,1872,complete,80,1872,0.7538425993715596,29.892854690551758,0.0778459757566452,0.46939149498939514,[],0.5174351115512033,13.692535400390625,11.37155532836914,9.405960083007812,0.0,context_encoder_final_norm_full_view_mean_pool,true,0.0523156304533283,0.7536820775208375,0.5176028801438708
b00-clip-var,phase1,20,0.992097973839446,21,29.067682921886444,85.86855741847393,0.6984944603382013,9.331913907073319e-05,2203.34619140625,819,4.366145587884462,0.41243794827889174,0.7415401379649456,4.2386241142566385,2496,0.5267094227556999,0.01094575968827718,,,,,,,,,,,,,,,,,,,,,,
b00-clip-var,phase1,21,0.9921979994870479,22,55.515949964523315,44.960052049816916,0.6625579503866342,9.24734306354551e-05,2169.49560546875,858,4.370335646164723,0.41191517322873455,0.7392900981582128,4.219015873395479,2496,0.5282661523192357,0.010052171079083703,117,0.05666119286901931,global_seeded_cross_subject_permutation_v1,1872,complete,80,1872,0.7462798071722699,30.991722106933594,0.0807076096534729,0.4739166796207428,[],0.5235003956362733,13.15516471862793,11.237292289733887,9.56033992767334,0.0,context_encoder_final_norm_full_view_mean_pool,true,0.056551903625950216,0.7461102411771814,0.5236736603391667
b00-clip-var,phase1,22,0.9922980251346499,23,28.867386896163225,86.46435539795063,0.6853229663310907,9.158170075071427e-05,2210.45166015625,897,4.350447862576216,0.4124299934468208,0.7379255403692906,4.1824252765912275,2496,0.5293117748239101,0.009827805912862413,,,,,,,,,,,,,,,,,,,,,,
b00-clip-var,phase1,23,0.9923980507822519,24,54.80829762853682,45.54054966123264,0.6374888313122284,9.064492714697497e-05,2314.77294921875,936,4.3673314444529705,0.4113259681333334,0.7377904078517205,4.181271592011819,2496,0.5292649912910584,0.008760159975514771,117,0.059290615698465936,global_seeded_cross_subject_permutation_v1,1872,complete,80,1872,0.7468625989734617,32.88535690307617,0.08563895026842754,0.4846058189868927,[],0.5225002735089033,13.438037872314453,11.30878734588623,9.62016487121582,0.0,context_encoder_final_norm_full_view_mean_pool,true,0.059165764894957326,0.7466853313458464,0.5226753221514322
b00-clip-var,phase1,24,0.9924980764298538,25,27.645523332059383,90.28586545531192,0.5962434197083498,8.966413694254544e-05,2214.58349609375,975,4.359277346195319,0.4097890948446897,0.7369036366924261,4.1507430496888285,2496,0.5296836909002218,0.008078449692290563,,,,,,,,,,,,,,,,,,,,,,
b00-clip-var,phase1,25,0.9925981020774558,26,54.434052851982415,45.85364986118426,0.6083799524184985,8.864040551740158e-05,2172.23486328125,1014,4.389172583818436,0.40841939453131115,0.7337974334756533,4.162129055231046,2496,0.5322727859020233,0.007827445548266554,117,0.06029853957076358,global_seeded_cross_subject_permutation_v1,1872,complete,80,1872,0.7408515000954653,35.923648834228516,0.09355116883913676,0.48574766516685486,[],0.5274301054131272,13.851828575134277,11.365163803100586,9.619317054748535,0.0,context_encoder_final_norm_full_view_mean_pool,true,0.06014062045142056,0.7406374665287634,0.5276402336700511
b00-clip-var,phase1,26,0.9926981277250577,27,27.28406927548349,91.4819550851536,0.5646934837867053,8.757485533409488e-05,2201.40869140625,1053,4.380741635958354,0.40925677292622054,0.7319256944152025,4.1469515562057495,2496,0.533748810298932,0.007161886875296776,,,,,,,,,,,,,,,,,,,,,,
b00-clip-var,phase1,27,0.9927981533726596,28,54.24305360391736,46.01510855612565,0.5854351146098895,8.646865470703685e-05,2204.27783203125,1092,4.3655230945501575,0.40934898484593785,0.7313748619113213,4.113920381435981,2496,0.534037845257001,0.0067712297828760575,117,0.0622739154431555,global_seeded_cross_subject_permutation_v1,1872,complete,80,1872,0.7417950849247794,35.86555862426758,0.09339989225069682,0.49964094161987305,[],0.526311459704342,13.716507911682129,11.44311809539795,9.378748893737793,0.0,context_encoder_final_norm_full_view_mean_pool,true,0.06213305039952197,0.7415776756281656,0.526524901110679
b00-clip-var,phase1,28,0.9928981790202616,29,26.803975994698703,93.1205131840761,0.5435921076016549,8.532301652150948e-05,2239.59423828125,1131,4.385791239830164,0.40717605959910613,0.7311823156017524,4.114131104487639,2496,0.5342019265278791,0.0062913293868171955,,,,,,,,,,,,,,,,,,,,,,
b00-clip-var,phase1,29,0.9929982046678636,30,52.95731260627508,47.13230103946477,0.5294560102316049,8.413919690380651e-05,2353.48486328125,1170,4.38307941876925,0.4071801599019613,0.7326047521753188,4.09266138000366,2496,0.53295831516003,0.005947429522609291,117,0.060771520607746564,global_seeded_cross_subject_permutation_v1,1872,complete,80,1872,0.741127623961522,40.82768249511719,0.10632208983103435,0.5002505779266357,[],0.5267897930919615,13.754870414733887,11.474820137023926,9.468461990356445,0.0,context_encoder_final_norm_full_view_mean_pool,true,0.06064409753307698,0.7409403300844132,0.526977337275942
b00-clip-var,phase1,30,0.9930982303154655,31,27.05635550431907,92.25189252120661,0.5393351377584995,8.291849384396313e-05,2174.51904296875,1209,4.386561553447675,0.4076122974929137,0.7290028662253649,4.095427678945737,2496,0.535919437614771,0.005712355653462836,,,,,,,,,,,,,,,,,,,,,,
b00-clip-var,phase1,31,0.9931982559630674,32,52.60051573161036,47.45200622624362,0.5363091260958941,8.166224577258481e-05,2157.51220703125,1248,4.383942029415032,0.40777328428931725,0.7274314105892793,4.080018338484642,2496,0.5371782760589551,0.00552954640200672,117,0.05772775507126099,global_seeded_cross_subject_permutation_v1,1872,complete,80,1872,0.7359708624008374,40.147403717041016,0.10455053051312764,0.5035184621810913,[],0.531184762971014,13.49059772491455,11.434624671936035,9.591428756713867,0.0,context_encoder_final_norm_full_view_mean_pool,true,0.057610596328352894,0.7357879760985572,0.5313723323866725
b00-clip-var,phase1,32,0.9932982816106694,33,26.164404151961207,95.39678356531223,0.5231227729565058,8.037183009333509e-05,2242.71728515625,1287,4.396909868105864,0.40577768066372627,0.7275558849557852,4.077216515938441,2496,0.5369733487948393,0.005037657432974531,,,,,,,,,,,,,,,,,,,,,,
b00-clip-var,phase1,33,0.9933983072582714,34,52.92734054103494,47.15899144913268,0.5090371660697155,7.904866167269186e-05,2266.22314453125,1326,4.399886159560619,0.4054273459582757,0.7273145285554421,4.064995905527701,2496,0.5371617711125276,0.004769797160779723,117,0.05965094841443575,global_seeded_cross_subject_permutation_v1,1872,complete,80,1872,0.7340300429580559,42.70106506347656,0.11120069026947021,0.5081514716148376,[],0.5328312057715195,13.599053382873535,11.47037410736084,9.647522926330566,0.0,context_encoder_final_norm_full_view_mean_pool,true,0.05946363699622451,0.7337577251407008,0.5330927054708205
b00-clip-var,phase1,34,0.9934983329058733,35,25.481987312436104,97.95154394342958,0.5025373674356021,7.769419128862778e-05,2245.21240234375,1365,4.3993154641909475,0.40540179018026745,0.7261161607427474,4.057236002041743,2496,0.5380771175408975,0.0045911214681557165,,,,,,,,,,,,,,,,,,,,,,
b00-clip-var,phase1,35,0.9935983585534752,36,59.527114669792354,41.93047174965161,0.4753560775365585,7.630990403991567e-05,2175.41455078125,1404,4.408946777001406,0.4041958463688691,0.7262686661038643,4.0520831766801,2496,0.537793674148046,0.004266796388830512,117,0.06010907993484766,global_seeded_cross_subject_permutation_v1,1872,complete,80,1872,0.7337096822567475,45.56985092163086,0.11867148677508037,0.5018166899681091,[],0.5328847984982352,13.409327507019043,11.24484634399414,9.153273582458496,0.0,context_encoder_final_norm_full_view_mean_pool,true,0.05996633406418066,0.7335242012515664,0.5330747589624176
b00-clip-var,phase1,36,0.9936983842010771,37,37.21469588391483,67.07027803709225,0.48882359954027027,7.489731771780334e-05,2227.87060546875,1443,4.405145888145153,0.4045676354987499,0.7243301239915383,4.043183316022922,2496,0.5394942384117689,0.004104638625927365,,,,,,,,,,,,,,,,,,,,,,
b00-clip-var,phase1,37,0.9937984098486792,38,62.68715662974864,39.81676844496573,0.4840753147235283,7.345798114184286e-05,2183.73095703125,1482,4.411661953498156,0.40370950675927675,0.7243014272206869,4.039041322011214,2496,0.539464910251972,0.003932131943143666,117,0.060969372399342366,global_seeded_cross_subject_permutation_v1,1872,complete,80,1872,0.7326385195438678,45.500694274902344,0.11849139134089152,0.5070767998695374,[],0.5337313632679801,13.18066120147705,11.43064022064209,9.379631042480469,0.0,context_encoder_final_norm_full_view_mean_pool,true,0.060815375857055196,0.7324629064028463,0.5339142301119865
b00-clip-var,phase1,38,0.9938984354962811,39,34.43425784818828,72.48595311692841,0.4682166377703349,7.199347246169904e-05,2276.16455078125,1521,4.416066528894962,0.4037391354258244,0.7237297107393925,4.028726609089436,2496,0.5398306987988644,0.003663185087647528,,,,,,,,,,,,,,,,,,,,,,
b00-clip-var,phase1,39,0.993998461143883,40,58.48572622612119,42.67707970915515,0.4807554651529361,7.050539742679939e-05,2234.91650390625,1560,4.422851342421311,0.40309512385955226,0.7240284387117777,4.033812230214094,2496,0.5394819365480007,0.003696628686530181,117,0.05835318918793629,global_seeded_cross_subject_permutation_v1,1872,complete,80,1872,0.7323110511160305,47.170719146728516,0.12284041444460551,0.5069813132286072,[],0.5339041362460862,13.496637344360352,11.45679759979248,9.443521499633789,0.0,context_encoder_final_norm_full_view_mean_pool,true,0.0582525302035113,0.7321697575350601,0.5340558574224512
b00-clip-var,phase1,40,0.9940984867914849,41,31.897267599590123,78.25121672904902,0.4769760607144771,6.899538762572213e-05,2193.98486328125,1599,4.413139891930116,0.40306070189063364,0.7229952112986491,4.011697605634347,2496,0.54034046542186,0.0034512430843628514,,,,,,,,,,,,,,,,,,,,,,
b00-clip-var,phase1,41,0.994198512439087,42,59.60215869080275,41.8776778362754,0.4703211654455234,6.746509869725345e-05,2228.15869140625,1638,4.434436880625212,0.4021221787119523,0.7238373834735308,4.019910032168413,2496,0.5394315964136368,0.003233212404899323,117,0.06073482799479085,global_seeded_cross_subject_permutation_v1,1872,complete,80,1872,0.734308585142478,45.94448471069336,0.11964709560076396,0.5133822560310364,[],0.5320563988807874,13.380724906921387,11.402175903320312,9.588547706604004,0.0,context_encoder_final_norm_full_view_mean_pool,true,0.06061502704396844,0.7341615906606118,0.532212055195123
b00-clip-var,phase1,42,0.9942985380866889,43,32.43465172778815,76.95473412040896,0.4651303291320801,6.591620851507485e-05,2190.50146484375,1677,4.426664091073549,0.40262933619893515,0.7236382953631573,4.012758118984027,2496,0.5395209028934821,0.003152244055318312,,,,,,,,,,,,,,,,,,,,,,
b00-clip-var,phase1,43,0.9943985637342908,44,57.220450760796666,43.62076786906543,0.4711529192252037,6.435041534807124e-05,2188.51318359375,1716,4.420787851015727,0.4021350795832964,0.7239214170437592,3.992838959663342,2496,0.5392764655825419,0.00298959815401572,117,0.06098264417587183,global_seeded_cross_subject_permutation_v1,1872,complete,80,1872,0.7327868938446045,48.0560188293457,0.12514588236808777,0.5095086693763733,[],0.5332360328772129,13.199111938476562,11.274490356445312,8.931113243103027,0.0,context_encoder_final_norm_full_view_mean_pool,true,0.06090515676575403,0.7326431001536546,0.5333855642626681
b00-clip-var,phase1,44,0.9944985893818928,45,26.312598298303783,94.85950310581461,0.4565980793573918,6.276943599827701e-05,2433.05810546875,1755,4.42025961402135,0.40189064876773417,0.7247900085953566,3.9878215461205215,2496,0.5383823766158178,0.0028870314716373403,,,,,,,,,,,,,,,,,,,,,,
b00-clip-var,phase1,45,0.9945986150294948,46,51.40643528662622,48.55423228790489,0.47782982083467335,6.11750039185014e-05,2189.89013671875,1794,4.429483361733266,0.4016103455080436,0.7224601935117673,3.988534248792208,2496,0.5403643900003189,0.0027977818644080213,117,0.06075915643292615,global_seeded_cross_subject_permutation_v1,1872,complete,80,1872,0.733148516752781,49.30815124511719,0.12840664386749268,0.5157411098480225,[],0.5326615475181841,13.802186965942383,11.58692455291748,9.569632530212402,0.0,context_encoder_final_norm_full_view_mean_pool,true,0.060638337318475045,0.7330047218749922,0.5328048936557025
b00-clip-var,phase1,46,0.9946986406770967,47,25.11421569995582,99.38594260000684,0.44792061814895046,5.9568867311697304e-05,2165.18408203125,1833,4.435484827328951,0.40133972150775105,0.7223149444430302,3.990057591444407,2496,0.5405222674210867,0.0026652488360503833,,,,,,,,,,,,,,,,,,,,,,
b00-clip-var,phase1,47,0.9947986663246986,48,51.43260467983782,48.52952743765009,0.4419763737764114,5.7952787214157505e-05,2165.56201171875,1872,4.442942137137438,0.40094765027364093,0.7231496152205344,3.995271160816535,2496,0.5396254547895529,0.0025980583103284095,117,0.060370127455546305,global_seeded_cross_subject_permutation_v1,1872,complete,80,1872,0.7324075230166444,48.82785415649414,0.1271558701992035,0.5168375372886658,[],0.5332652325304146,13.407366752624512,11.645732879638672,9.927931785583496,0.0,context_encoder_final_norm_full_view_mean_pool,true,0.0602261730780204,0.7322401144541801,0.5334268254848816
b00-clip-var,phase1,48,0.9948986919723006,49,25.307652563787997,98.62629470310715,0.44815004101166356,5.632853556463969e-05,2198.11962890625,1911,4.437415657135157,0.4006667032073706,0.7230608738385714,3.9798854169173117,2496,0.5397012208898863,0.0024958617844580053,,,,,,,,,,,,,,,,,,,,,,
b00-clip-var,phase1,49,0.9949987176199026,50,52.606777818873525,47.44635774108408,0.43480373269472367,5.469789326153771e-05,2211.68896484375,1950,4.46028130253156,0.39967613199200386,0.7222236465567198,3.9975243226075783,2496,0.5403633039349165,0.0024659927883663047,117,0.060146094291892827,global_seeded_cross_subject_permutation_v1,1872,complete,80,1872,0.731002629822136,50.05646896362305,0.13035538792610168,0.5161054730415344,[],0.5344661652532399,13.501705169677734,11.498649597167969,9.393927574157715,0.0,context_encoder_final_norm_full_view_mean_pool,true,0.06003734928866228,0.7308131354860959,0.534642633982003
b00-clip-var,phase1,50,0.9950987432675045,51,25.234203056432307,98.91336748056162,0.44729929551100117,5.3062648210229045e-05,2247.29931640625,1989,4.4467413647052565,0.4001070811198308,0.7233174330531023,3.974717479485732,2496,0.5394550519875991,0.0023125988828280987,,,,,,,,,,,,,,,,,,,,,,
b00-clip-var,phase1,51,0.9951987689151064,52,51.302650740370154,48.6524568219999,0.44633297889660567,5.14245933627395e-05,2264.72216796875,2028,4.444005601681196,0.3999468341278724,0.7227071225643158,3.967461804548899,2496,0.5398741681606342,0.0022486709741105395,117,0.062188876076386526,global_seeded_cross_subject_permutation_v1,1872,complete,80,1872,0.7328865568862002,50.65900421142578,0.1319244901339213,0.5214564800262451,[],0.5326524264792092,13.493350982666016,11.589460372924805,9.527015686035156,0.0,context_encoder_final_norm_full_view_mean_pool,true,0.06208588362981878,0.7327185355747741,0.53281173746412
b00-clip-var,phase1,52,0.9952987945627084,53,24.75030742958188,100.84723218495255,0.43524549175531435,4.9785524751874595e-05,2198.86376953125,2067,4.43300726551276,0.40005086534298384,0.7230519763170145,3.9514507735386872,2496,0.5395471486143577,0.002199663045757916,,,,,,,,,,,,,,,,,,,,,,
b00-clip-var,phase1,53,0.9953988202103103,54,50.903878034092486,49.03359226046241,0.4125615174953754,4.814723952197297e-05,2298.99169921875,2106,4.474403011493194,0.3980198567494368,0.723841096346195,3.9795103615675216,2496,0.5388018347513981,0.0020767419943391965,117,0.061357339255066,global_seeded_cross_subject_permutation_v1,1872,complete,80,1872,0.7323868050534501,51.881446838378906,0.13510793447494507,0.5184480547904968,[],0.533065167757181,13.35776138305664,11.495218276977539,9.745702743530273,0.0,context_encoder_final_norm_full_view_mean_pool,true,0.06122570539203783,0.732211629084001,0.5332255913255113
b00-clip-var,phase1,54,0.9954988458579123,55,24.528517547994852,101.75910529921292,0.42594177906329816,4.65115339584412e-05,2297.98681640625,2145,4.474139727843114,0.39855963574388087,0.7237133416227806,3.9838265577952066,2496,0.5389051301739155,0.002067655417098043,,,,,,,,,,,,,,,,,,,,,,
b00-clip-var,phase1,55,0.9955988715055142,56,50.577892317436635,49.34962462125984,0.4166279037793477,4.488020151823022e-05,2180.75146484375,2184,4.451232664096049,0.3992726979538416,0.7222118696723229,3.9596483760919328,2496,0.5400966447897446,0.0020270515121340463,117,0.06148342921947821,global_seeded_cross_subject_permutation_v1,1872,complete,80,1872,0.7326556296430082,53.08248519897461,0.13823563853899637,0.5211755633354187,[],0.532700946697822,13.49457836151123,11.518829345703125,9.59825325012207,0.0,context_encoder_final_norm_full_view_mean_pool,true,0.06138559572088222,0.7324890631561479,0.5328575298345335
b00-clip-var,phase1,56,0.9956988971531162,57,24.878944721072912,100.32579870181725,0.409819171214715,4.3255030863413094e-05,2237.06494140625,2223,4.445450663566589,0.3985797312970345,0.723755039083652,3.944298981091915,2496,0.5388716230025659,0.0019123915173202897,,,,,,,,,,,,,,,,,,,,,,
b00-clip-var,phase1,57,0.9957989228007181,58,51.402702800929546,48.55775793865188,0.41067727788900715,4.1637803900020074e-05,2173.95166015625,2262,4.4643545273022776,0.398203938626326,0.7234384136704298,3.9631231480684037,2496,0.5390160572834504,0.001894683138137528,117,0.06270280786049671,global_seeded_cross_subject_permutation_v1,1872,complete,80,1872,0.7328543933028848,52.81037521362305,0.13752701878547668,0.5224846005439758,[],0.5324436303896781,13.473027229309082,11.679875373840332,10.07949447631836,0.0,context_encoder_final_norm_full_view_mean_pool,true,0.06260452908463777,0.732697964676966,0.5325904063414784
b00-clip-var,phase1,58,0.99589894844832,59,26.83835474587977,93.00122990524173,0.39800838323739857,4.003029382428121e-05,2239.91845703125,2301,4.479396992768997,0.3974433703682361,0.7227903136458153,3.9710873441818433,2496,0.5394447728609427,0.0018551705034975058,,,,,,,,,,,,,,,,,,,,,,
b00-clip-var,phase1,59,0.995998974095922,60,51.257716921158135,48.69510680390258,0.41519539860578686,3.843426317841885e-05,2244.30419921875,2340,4.4607424812439165,0.3981154562953191,0.7237956537268101,3.9498136945259876,2496,0.5385776299696702,0.0017695622604477624,117,0.061507643319857426,global_seeded_cross_subject_permutation_v1,1872,complete,80,1872,0.7323250531131386,54.550697326660156,0.14205910762151083,0.5182663798332214,[],0.5327561681087201,13.516685485839844,11.52523422241211,9.455265045166016,0.0,context_encoder_final_norm_full_view_mean_pool,true,0.06139254324759043,0.7321408824374276,0.532928645440067
b00-clip-var,phase1,60,0.996098999743524,61,24.41961227916181,102.21292506474119,0.41225876410802204,3.685146191812156e-05,2189.15380859375,2379,4.466328186102403,0.3977753564906426,0.7233862259831184,3.953361909358929,2496,0.5388296349690511,0.0017411251056518478,,,,,,,,,,,,,,,,,,,,,,
b00-clip-var,phase1,61,0.9961990253911259,62,51.272775693796575,48.68080509052658,0.4162068099547655,3.528362549381854e-05,2190.01220703125,2418,4.465729475021362,0.39801162271163404,0.7230292936930289,3.951800306638082,2496,0.5390274811249512,0.0017221196995263037,117,0.061534499829141505,global_seeded_cross_subject_permutation_v1,1872,complete,80,1872,0.7312155457643362,54.28376770019531,0.1413639783859253,0.5303468704223633,[],0.5337505722657229,13.566999435424805,11.680005073547363,9.9115571975708,0.0,context_encoder_final_norm_full_view_mean_pool,true,0.0614528064460804,0.731073842663318,0.5338868566633513
b00-clip-var,phase1,62,0.9962990510387278,63,24.749264840967953,100.8514804798695,0.41372202298580074,3.373247294785808e-05,2178.85400390625,2457,4.452785799136529,0.3986434033856942,0.7224479044477145,3.93518435725799,2496,0.5395840007143143,0.0016628767888715419,,,,,,,,,,,,,,,,,,,,,,
b00-clip-var,phase1,63,0.9963990766863299,64,50.90888646617532,49.02876832040674,0.39851545217709666,3.219970502967676e-05,2175.25830078125,2496,4.49181313545276,0.39666677170839065,0.7223561148230846,3.9650671015947294,2496,0.5396887950408154,0.0016926712524787618,117,0.06193933715550309,global_seeded_cross_subject_permutation_v1,1872,complete,80,1872,0.7320550695443765,55.960777282714844,0.14573119084040323,0.5248509049415588,[],0.5329619213047191,13.44655704498291,11.545515060424805,9.570032119750977,0.0,context_encoder_final_norm_full_view_mean_pool,true,0.06182690740873418,0.7318756849505006,0.5331319760996849
b00-clip-var,phase1,64,0.9964991023339318,65,24.22341989725828,103.04077667755364,0.4013532507113921,3.068700233102551e-05,2301.37060546875,2535,4.461603390100675,0.39757520371140576,0.7225529853350077,3.934446958395151,2496,0.539468391201435,0.0015855733156338548,,,,,,,,,,,,,,,,,,,,,,
b00-clip-var,phase1,65,0.9965991279815337,66,51.41895088925958,48.54241397059243,0.3930992675133241,2.9196023443297586e-05,2188.76123046875,2574,4.468079874912898,0.39735149744993603,0.7230582252526895,3.939787881496625,2496,0.5390189142945485,0.0015528311712095717,117,0.06148479834326312,global_seeded_cross_subject_permutation_v1,1872,complete,80,1872,0.7315725113591577,54.740665435791016,0.1425538162390391,0.5266055464744568,[],0.5333037126777519,13.557357788085938,11.630722045898438,9.749905586242676,0.0,context_encoder_final_norm_full_view_mean_pool,true,0.06138023554037014,0.7314021886947253,0.5334649060697607
b00-clip-var,phase1,66,0.9966991536291356,67,24.372087541036308,102.41223677690226,0.383946703794675,2.7728403138978678e-05,2241.66650390625,2613,4.482533722351759,0.3964974948037893,0.7218278952133961,3.9485956804874616,2496,0.5400555787178186,0.0015533451573551597,,,,,,,,,,,,,,,,,,,,,,
b00-clip-var,phase1,67,0.9967991792767377,68,50.975416254252195,48.96477917022977,0.39802376276407486,2.628575057921294e-05,2177.87744140625,2652,4.47486511637003,0.39625996437210304,0.7218654006719589,3.94200061299862,2496,0.5399557850681819,0.0015025376592231437,117,0.06169963984662651,global_seeded_cross_subject_permutation_v1,1872,complete,80,1872,0.7309647182114104,55.49111557006836,0.1445081134637197,0.5265206694602966,[],0.5338210779377538,13.396560668945312,11.63386058807373,9.809503555297852,0.0,context_encoder_final_norm_full_view_mean_pool,true,0.06163671583247683,0.7308304962391653,0.5339545480596525
b00-clip-var,phase1,68,0.9968992049243396,69,24.156175610609353,103.3276144467074,0.3903277157208858,2.4869647549450498e-05,2146.57373046875,2691,4.476888781174635,0.39691402562535727,0.7217349820794203,3.9425036288224735,2496,0.5400388865516736,0.0014553594116408091,,,,,,,,,,,,,,,,,,,,,,
b00-clip-var,phase1,69,0.9969992305719415,70,51.55144311860204,48.417655239205764,0.3961519316220895,2.3481646725110806e-05,2281.89404296875,2730,4.472423353256324,0.39679761613026643,0.7223380570992445,3.9291310539612403,2496,0.5394952402282984,0.0014482961103054455,117,0.06315430301504257,global_seeded_cross_subject_permutation_v1,1872,complete,80,1872,0.7313698051322219,55.66802215576172,0.14496880769729614,0.5272899270057678,[],0.5334164989300263,13.342235565185547,11.621977806091309,9.777078628540039,0.0,context_encoder_final_norm_full_view_mean_pool,true,0.06301559200510384,0.7311993750433128,0.5335793831696112
b00-clip-var,phase1,70,0.9970992562195434,71,25.03750033583492,99.6904629663689,0.3835199337739211,2.2123269969163515e-05,2197.32861328125,2769,4.494461631927734,0.396105662943461,0.7220973968505859,3.9499791088776712,2496,0.5396259333460759,0.0013990826942646005,,,,,,,,,,,,,,,,,,,,,,
b00-clip-var,phase1,71,0.9971992818671455,72,51.511345870792866,48.45534430920862,0.37175972568683135,2.079600666349326e-05,2211.77978515625,2808,4.492369024417339,0.3958883885389719,0.7230508451660475,3.9481536470926724,2496,0.5388328173221686,0.0014054956386061325,117,0.06374696135903016,global_seeded_cross_subject_permutation_v1,1872,complete,80,1872,0.732978427512014,55.99441146850586,0.14581877986590067,0.5281367301940918,[],0.531956683876168,13.366110801696777,11.657715797424316,9.746000289916992,0.0,context_encoder_final_norm_full_view_mean_pool,true,0.06368342847563327,0.7328530452524622,0.5320790876634418
b00-clip-var,phase1,72,0.9972993075147474,73,24.286676325835288,102.77239942234688,0.37955607894139415,1.9501312075878267e-05,2252.48876953125,2847,4.491799534895481,0.3958190628924431,0.7219553870650438,3.9466640933966026,2496,0.5398151301420652,0.001394051215939749,,,,,,,,,,,,,,,,,,,,,,
b00-clip-var,phase1,73,0.9973993331623493,74,50.97228765580803,48.96778455097637,0.3842387512708322,1.8240605764373045e-05,2205.84814453125,2886,4.48553139429826,0.3959502462202158,0.7218015320025958,3.937548898733579,2496,0.5399325589338938,0.0013455984361569744,117,0.0626605709330139,global_seeded_cross_subject_permutation_v1,1872,complete,80,1872,0.7313377439466298,56.417572021484375,0.14692076047261557,0.5288278460502625,[],0.5334061547222301,13.476183891296387,11.696346282958984,9.521782875061035,0.0,context_encoder_final_norm_full_view_mean_pool,true,0.06252543086496491,0.7311857986574372,0.533553876246636
b00-clip-var,phase1,74,0.9974993588099512,75,24.40198751166463,102.28675015946398,0.362032787157939,1.701527002084471e-05,2212.42822265625,2925,4.484560351341199,0.3956439966001572,0.7224530348410974,3.9345007164356036,2496,0.5391830672056247,0.0013158550773835324,,,,,,,,,,,,,,,,,,,,,,
b00-clip-var,phase1,75,0.9975993844575533,76,50.40809271298349,49.515858777118765,0.3633174139719743,1.5826648355369542e-05,2219.95458984375,2964,4.500947726842685,0.3946663948396842,0.7225673997249359,3.9433900003249827,2496,0.5392417838940253,0.0013056725121994251,117,0.06334448822288431,global_seeded_cross_subject_permutation_v1,1872,complete,80,1872,0.7324422781284039,56.93830871582031,0.1482768456141154,0.5268162488937378,[],0.5323729015823103,13.379610061645508,11.688453674316406,9.543808937072754,0.0,context_encoder_final_norm_full_view_mean_pool,true,0.06324940058402717,0.73231058071057,0.5325031118777888
b00-clip-var,phase1,76,0.9976994101051552,77,24.09938091598451,103.57112527917538,0.3759258183149191,1.467604402315164e-05,2271.29150390625,3003,4.4852333802443285,0.3953521197231916,0.7222067043185234,3.9312043342834864,2496,0.5393624575092242,0.001294869866493779,,,,,,,,,,,,,,,,,,,,,,
b00-clip-var,phase1,77,0.9977994357527571,78,51.1481823194772,48.79938810747385,0.36669756892399913,1.3564718595578532e-05,2142.45458984375,3042,4.486805076018358,0.3957142097254594,0.721211355084028,3.9361447600217967,2496,0.5403180248462237,0.001277044526758777,117,0.06274371832991257,global_seeded_cross_subject_permutation_v1,1872,complete,80,1872,0.7308088551219712,56.63649368286133,0.1474908689657847,0.5299568176269531,[],0.5338320441735096,13.364171981811523,11.591144561767578,9.596271514892578,0.0,context_encoder_final_norm_full_view_mean_pool,true,0.06265341735755402,0.7306920134151975,0.5339480265198897
b00-clip-var,phase1,78,0.997899461400359,79,24.11312202550471,103.51210421279974,0.37171159646449947,1.2493890576980873e-05,2193.35595703125,3081,4.512386742310646,0.3943710692035846,0.7220772153291947,3.9504851507834897,2496,0.5395568756338878,0.0012834647905271058,,,,,,,,,,,,,,,,,,,,,,
b00-clip-var,phase1,79,0.997999487047961,80,51.26637702528387,48.68688104815769,0.3557709065767435,1.1464734068612605e-05,2229.96533203125,3120,4.476121758803343,0.39572183014108586,0.7216189987002275,3.9216990646643515,2496,0.539934574220425,0.0012331508938260437,117,0.063991721210062,global_seeded_cross_subject_permutation_v1,1872,complete,80,1872,0.7313078626608237,56.26255798339844,0.14651707808176676,0.5335130095481873,[],0.5333459041057489,13.458423614501953,11.73708438873291,9.656488418579102,0.0,context_encoder_final_norm_full_view_mean_pool,true,0.06387168049501875,0.7311798630903166,0.5334728963983557
b00-clip-var,phase1,80,0.998099512695563,81,24.095566926524043,103.58751913209564,0.3708060765877748,1.0478377481316536e-05,2190.77294921875,3159,4.502548022147937,0.39466288666694593,0.7225561485840724,3.9395880041978297,2496,0.5390041841146274,0.0012189389577916022,,,,,,,,,,,,,,,,,,,,,,
b00-clip-var,phase1,81,0.9981995383431649,82,50.68129003793001,49.248943705497375,0.359493110424433,9.535902298286847e-06,2150.35791015625,3198,4.495735300657077,0.3947712245086829,0.7222608455862755,3.935683940465634,2496,0.5394106134772301,0.0012206321797491864,117,0.06402896392421845,global_seeded_cross_subject_permutation_v1,1872,complete,80,1872,0.7319983004504799,56.56831359863281,0.1473133166631063,0.5326098203659058,[],0.5326833949129806,13.365792274475098,11.627022743225098,9.351597785949707,0.0,context_encoder_final_norm_full_view_mean_pool,true,0.06392547332992156,0.7318828229792419,0.5327982909201332
b00-clip-var,phase1,82,0.9982995639907669,83,24.0611858908087,103.73553536916334,0.3581528816467676,8.638341889285072e-06,2180.48291015625,3237,4.500065063818907,0.39454516997704137,0.7208251649370561,3.943445545740617,2496,0.5405499826257045,0.001224060679352335,,,,,,,,,,,,,,,,,,,,,,
b00-clip-var,phase1,83,0.9983995896383688,84,50.75741322990507,49.17508283360303,0.35384023571625733,7.786680377609617e-06,2259.31298828125,3276,4.499605612877088,0.39464342603698754,0.7227987893498861,3.939769391830151,2496,0.5389464730635668,0.0012233168815258138,117,0.06455272662206593,global_seeded_cross_subject_permutation_v1,1872,complete,80,1872,0.7316031807508224,56.81181716918945,0.1479474405447642,0.5319358706474304,[],0.5330072789110689,13.346184730529785,11.670166969299316,9.4751615524292,0.0,context_encoder_final_norm_full_view_mean_pool,true,0.06445100566682717,0.7314759753954908,0.5331317169126123
b00-clip-var,phase1,84,0.9984996152859708,85,24.357844589278102,102.47212107998651,0.3586888053478339,6.981851561061257e-06,2217.75927734375,3315,4.491077720354765,0.3947376467478581,0.7224731949659494,3.9263330644521957,2496,0.5392191215203359,0.0011419659147997242,,,,,,,,,,,,,,,,,,,,,,
b00-clip-var,phase1,85,0.9985996409335727,86,50.38584045879543,49.537726815159125,0.35465387274057436,6.2247378880876434e-06,2192.79931640625,3354,4.494272643939043,0.3945498326076911,0.721753250903044,3.9327383377613168,2496,0.5398522256276547,0.0011185661801741493,117,0.06385147966380812,global_seeded_cross_subject_permutation_v1,1872,complete,80,1872,0.730671582568405,57.26853942871094,0.14913682142893472,0.5333669781684875,[],0.5338814788394504,13.382892608642578,11.671053886413574,9.592362403869629,0.0,context_encoder_final_norm_full_view_mean_pool,true,0.06372477418432633,0.7305426450446247,0.5340074641009169
b00-clip-var,phase1,86,0.9986996665811747,87,23.79009228385985,104.91762580061055,0.34681080549191207,5.516169490229411e-06,2210.59814453125,3393,4.497673410635728,0.3943278358723873,0.7221181281866171,3.9327808014857464,2496,0.5394593660648053,0.001164576991682108,,,,,,,,,,,,,,,,,,,,,,
b00-clip-var,phase1,87,0.9987996922287766,88,50.64280902221799,49.28636559052157,0.3484801520139743,4.856923271928705e-06,2218.16650390625,3432,4.529991678702525,0.39307488462863827,0.7204086822577012,3.9602433244387307,2496,0.5409328589836756,0.0011750956797093237,117,0.06466456037810725,global_seeded_cross_subject_permutation_v1,1872,complete,80,1872,0.7307329177856445,57.47645568847656,0.14967827002207437,0.5313626527786255,[],0.5337982417171837,13.34095573425293,11.622118949890137,9.527937889099121,0.0,context_encoder_final_norm_full_view_mean_pool,true,0.06453174107397597,0.7305882135095697,0.5339368911770482
b00-clip-var,phase1,88,0.9988997178763785,89,24.13316187914461,103.42614915109789,0.3478861833230043,4.247722058698223e-06,2191.19482421875,3471,4.49652664630841,0.394495264459879,0.720972922941049,3.9322235668316865,2496,0.5404484331225737,0.0011434579936553163,,,,,,,,,,,,,,,,,,,,,,
b00-clip-var,phase1,89,0.9989997435239805,90,50.681090561673045,49.249137544951914,0.34293078382809955,3.689233804584682e-06,2192.09619140625,3510,4.505700392600818,0.3941563801505627,0.7215459264623814,3.93631221086551,2496,0.5399070032514058,0.0011514947371511087,117,0.06465760519743985,global_seeded_cross_subject_permutation_v1,1872,complete,80,1872,0.7310021264940245,57.481224060058594,0.1496906876564026,0.5319634079933167,[],0.5335389070021801,13.245532989501953,11.644229888916016,9.49451732635498,0.0,context_encoder_final_norm_full_view_mean_pool,true,0.06452381076912085,0.7308765082930525,0.5336615857513002
b00-clip-var,phase1,90,0.9990997691715825,91,24.053418206982315,103.76903517502772,0.35071288698758835,3.182070859795651e-06,2188.37255859375,3549,4.479988428262564,0.39575429155658454,0.7198915315362123,3.918141885445668,2496,0.5413540876828707,0.0011166080793116589,,,,,,,,,,,,,,,,,,,,,,
b00-clip-var,phase1,91,0.9991997948191844,92,50.83705135341734,49.09804824532207,0.34219787288934755,2.7267892992928275e-06,2222.03564453125,3588,4.5052745411029225,0.3945846553796377,0.7197835323138114,3.943261029628607,2496,0.5414079851829089,0.0011735766333563684,117,0.06467443857437526,global_seeded_cross_subject_permutation_v1,1872,complete,80,1872,0.730376199269906,57.566009521484375,0.14991148312886557,0.5325310826301575,[],0.5341149971016452,13.28205394744873,11.664984703063965,9.402847290039062,0.0,context_encoder_final_norm_full_view_mean_pool,true,0.064549709437415,0.7302486064843836,0.5342392132617533
b00-clip-var,phase1,92,0.9992998204667863,93,24.309187932871282,102.67722668863273,0.34860624640415877,2.32388831308788e-06,2189.79736328125,3627,4.498564942524983,0.39449369487089986,0.7210176692177088,3.932133532487429,2496,0.5404658831464939,0.0011051193960156525,,,,,,,,,,,,,,,,,,,,,,
b00-clip-var,phase1,93,0.9993998461143883,94,51.06226707343012,48.88149592752366,0.3313198861403343,1.9738096589092998e-06,2199.35205078125,3666,4.4811974206031895,0.3947645803101552,0.7209848526578683,3.916315713754067,2496,0.5403945952271804,0.0011200977867888585,117,0.06460815464329515,global_seeded_cross_subject_permutation_v1,1872,complete,80,1872,0.7305542011546273,57.61917495727539,0.15004993478457132,0.5335857272148132,[],0.533945267017071,13.325886726379395,11.651351928710938,9.392839431762695,0.0,context_encoder_final_norm_full_view_mean_pool,true,0.06448409521641832,0.7304219689220188,0.5340735797304661
b00-clip-var,phase1,94,0.9994998717619903,95,24.26769203040749,102.85279691503027,0.33940744934937894,1.6769371778405413e-06,2193.50927734375,3705,4.499982136946458,0.3944127312264381,0.719697827903124,3.9330019660485096,2496,0.5416234479500697,0.0011285969457486107,,,,,,,,,,,,,,,,,,,,,,
b00-clip-var,phase1,95,0.9995998974095922,96,50.762893796898425,49.1697736930928,0.33876958336585605,1.4335963734603588e-06,2196.24853515625,3744,4.512691080570221,0.3937882666404431,0.7213891123731931,3.941744105173991,2496,0.5401083261538775,0.001125463648349978,117,0.06499191137970003,global_seeded_cross_subject_permutation_v1,1872,complete,80,1872,0.7302595560367291,57.7391471862793,0.150362362464269,0.5329884886741638,[],0.534200390179952,13.328535079956055,11.64798641204834,9.360220909118652,0.0,context_encoder_final_norm_full_view_mean_pool,true,0.06486178021878006,0.7301298981842896,0.5343266488208125
b00-clip-var,phase1,96,0.9996999230571941,97,24.112132785841823,103.51635096608305,0.33463420012058354,1.2440540549468842e-06,2186.38134765625,3783,4.469583697808095,0.39522053043429667,0.7211684290415201,3.902699562983635,2496,0.5403132782532618,0.0010460395214277713,,,,,,,,,,,,,,,,,,,,,,
b00-clip-var,phase1,97,0.999799948704796,98,50.791634667664766,49.141950565907194,0.334479292233785,1.1085180445367066e-06,2181.63916015625,3822,4.505695516482378,0.394351669993156,0.7212624463897485,3.9367551918213186,2496,0.5402485294601856,0.0011418747859025667,117,0.06462050079662576,global_seeded_cross_subject_permutation_v1,1872,complete,80,1872,0.7301231913077526,57.77924728393555,0.1504667898019155,0.5328447818756104,[],0.5343248237911452,13.32939338684082,11.654707908630371,9.392535209655762,0.0,context_encoder_final_norm_full_view_mean_pool,true,0.06448521384348468,0.7299880552105604,0.534455974943315
b00-clip-var,phase1,98,0.9998999743523981,99,25.372040815651417,98.37600444266494,0.34014963186704195,1.0271369496598035e-06,2229.49462890625,3861,4.478278229633967,0.39543144232951677,0.7200466967546023,3.920126736928255,2496,0.541192403397499,0.0011139647105711703,,,,,,,,,,,,,,,,,,,,,,
b00-clip-var,phase1,99,1.0,100,51.52991294953972,48.43788504832502,0.34318581834817546,1e-06,2229.31494140625,3900,4.505926547142176,0.3944948407319876,0.7200116629783924,3.937668114900589,2496,0.5412576271173282,0.0011223159078023552,117,0.06473355737124753,global_seeded_cross_subject_permutation_v1,1872,complete,80,1872,0.730589789712531,57.783958435058594,0.15047905842463175,0.5334348678588867,[],0.5338953825143667,13.338727951049805,11.658370018005371,9.391565322875977,0.0,context_encoder_final_norm_full_view_mean_pool,true,0.06460392135195434,0.7304606910794973,0.5340209431635837
b01-mask-light,phase1,0,0.990097460887407,1,27.19598601385951,91.77824987584559,0.31590381341102797,2.7185929648241205e-05,2657.60888671875,39,,,0.09484085890625675,3.529431468783281,2496,0.8023802040097041,0.42164889035316616,,,,,,,,,,,,,,,,,,,,,,
b01-mask-light,phase1,1,0.9901974865350089,2,55.117163836956024,45.285348995523485,0.6635321363424643,4.482412060301508e-05,2652.18310546875,78,,,0.5038945434185175,4.756947589226258,2496,0.6979286237022816,0.1478564354698532,117,1.513044166768718e-05,global_seeded_cross_subject_permutation_v1,1872,complete,80,1872,0.6762903908379058,5.374952793121338,0.013997272898753485,0.04323919117450714,"[""effective_rank_below_threshold"",""context_shuffle_gap_below_threshold""]",0.6283232885548192,6.223911285400391,5.57693338394165,5.139877796173096,0.0,context_encoder_final_norm_full_view_mean_pool,false,1.5173666179180147e-05,0.6762978038750589,0.6283466670662164
b01-mask-light,phase1,2,0.990297512182611,3,26.113405348733068,95.58309100889048,1.9253153464733026,6.246231155778895e-05,2699.58740234375,117,,,0.6985933902936105,3.1188553480001597,2496,0.6152776112923255,0.02179434601492129,,,,,,,,,,,,,,,,,,,,,,
b01-mask-light,phase1,3,0.9903975378302129,4,53.71293348353356,46.469254947045165,2.7676949164806266,8.010050251256282e-05,2663.36962890625,156,,,0.6815660051428355,2.087965551095131,2496,0.6100148680882577,0.017252934681705367,117,3.0913636979893745e-05,global_seeded_cross_subject_permutation_v1,1872,complete,80,1872,0.6628244544705774,5.925500392913818,0.015430990606546402,0.04691562056541443,"[""effective_rank_below_threshold"",""context_shuffle_gap_below_threshold""]",0.6114545663197836,5.052133560180664,4.618514537811279,4.341747283935547,0.0,context_encoder_final_norm_full_view_mean_pool,false,3.0788655082384744e-05,0.6628364621661603,0.6114785493972399
b01-mask-light,phase1,4,0.9904975634778148,5,26.890265562571585,92.82169393946666,2.9055005403665395,9.773869346733669e-05,2683.59716796875,195,,,0.6153524766365687,1.6192121578332705,2496,0.6386919407508312,0.014786468669533348,,,,,,,,,,,,,,,,,,,,,,
b01-mask-light,phase1,5,0.9905975891254167,6,53.513307959772646,46.642603403929144,2.497034803414956,9.997937475231581e-05,2591.55126953125,234,,,0.5810941129158704,1.3270951062440872,2496,0.6564509028043503,0.011724490067885758,117,8.101984221711117e-05,global_seeded_cross_subject_permutation_v1,1872,complete,80,1872,0.5990579382986085,6.588633060455322,0.017157898594935734,0.04189817234873772,"[""effective_rank_below_threshold"",""context_shuffle_gap_below_threshold""]",0.6490301112843375,3.5677218437194824,3.249690055847168,3.0842583179473877,0.0,context_encoder_final_norm_full_view_mean_pool,false,8.098948746919634e-05,0.5990921390242876,0.6490370332263412
b01-mask-light,phase1,6,0.9906976147730188,7,26.45281837787479,94.35667550976954,1.7017156649858525,9.99049442977617e-05,2630.38330078125,273,,,0.5959087614065561,1.1097855804822383,2496,0.6522710781831008,0.007212679721235942,,,,,,,,,,,,,,,,,,,,,,
b01-mask-light,phase1,7,0.9907976404206207,8,53.610923767089844,46.557675649159776,1.2553981389754858,9.977634416699127e-05,2623.53466796875,312,,,0.6230380355547636,0.8938757454355558,2496,0.6375596893903537,0.0044318119814703,117,8.030480936042264e-05,global_seeded_cross_subject_permutation_v1,1872,complete,80,1872,0.6539239577758007,7.241923809051514,0.01885917658607165,0.03709796071052551,"[""effective_rank_below_threshold"",""context_shuffle_gap_below_threshold""]",0.6206469484883496,3.172384738922119,2.8742125034332275,2.633228063583374,0.0,context_encoder_final_norm_full_view_mean_pool,false,8.054987216989203e-05,0.6539609356783331,0.6206387772224847
b01-mask-light,phase1,8,0.9908976660682226,9,26.06278481706977,95.76873758959364,0.8826463161370693,9.959371536264192e-05,2672.08447265625,351,,,0.6443512571545748,0.715295057075146,2496,0.6208373575638502,0.002360228838276667,,,,,,,,,,,,,,,,,,,,,,
b01-mask-light,phase1,9,0.9909976917158245,10,53.847585594281554,46.35305320476741,0.5693897918248788,9.93572581266801e-05,2689.87158203125,390,,,0.658232487929173,0.5667558838732731,2496,0.6063228081434201,0.0011042035500092122,117,9.805705939602648e-05,global_seeded_cross_subject_permutation_v1,1872,complete,80,1872,0.6849196767195677,7.870677947998047,0.020496557156244915,0.03535117208957672,"[""effective_rank_below_threshold"",""context_shuffle_gap_below_threshold""]",0.5892530277244046,2.535433053970337,2.1660399436950684,1.9936916828155518,0.0,context_encoder_final_norm_full_view_mean_pool,false,9.78703610599041e-05,0.6849591781695683,0.589239503877858
b01-mask-light,phase1,10,0.9910977173634266,11,29.092402626760304,85.79559522884108,0.6662763846226227,9.906723172084758e-05,2609.79150390625,429,,,0.6650534023841222,0.46186247955148035,2496,0.5960276109667925,0.0009690748237727138,,,,,,,,,,,,,,,,,,,,,,
b01-mask-light,phase1,11,0.9911977430110285,12,54.77009071689099,45.572318163611115,0.5774171482294034,9.87239541423959e-05,2670.39306640625,468,,,0.6713942128878373,0.3828992308714451,2496,0.5867177278567584,0.0006114125148880517,117,9.515155584384233e-05,global_seeded_cross_subject_permutation_v1,1872,complete,80,1872,0.697309011577541,8.080081939697266,0.021041880051294964,0.03362097591161728,"[""effective_rank_below_threshold"",""context_shuffle_gap_below_threshold""]",0.5697311672390016,2.1502957344055176,1.8972220420837402,1.7249751091003418,0.0,context_encoder_final_norm_full_view_mean_pool,false,9.519243612885473e-05,0.697348684879641,0.5697160159858565
b01-mask-light,phase1,12,0.9912977686586304,13,26.012097353115678,95.95535362322616,0.6258872457039661,9.83278017754206e-05,2716.44580078125,507,,,0.6752245311553662,0.3162718062312939,2496,0.5790884290368129,0.0004741850961857917,,,,,,,,,,,,,,,,,,,,,,
b01-mask-light,phase1,13,0.9913977943062323,14,53.92122026346624,46.289753603575974,0.45298089507298595,9.78792089781779e-05,2707.04443359375,546,,,0.6789310769392893,0.27061233612207264,2496,0.5716457515954971,0.0003193107274618785,117,0.00011446475027463376,global_seeded_cross_subject_permutation_v1,1872,complete,80,1872,0.7057129322973072,8.44338321685791,0.021987977127234142,0.032438840717077255,"[""effective_rank_below_threshold"",""context_shuffle_gap_below_threshold""]",0.5534563553638947,2.316490650177002,2.0530920028686523,1.89606511592865,0.0,context_encoder_final_norm_full_view_mean_pool,false,0.00011462955735623837,0.705756446967522,0.5534392571697633
b01-mask-light,phase1,14,0.9914978199538343,15,25.820837611332536,96.66611275633164,0.668930708597868,9.737866760683574e-05,2690.50244140625,585,,,0.682378756121183,0.23726734184683898,2496,0.5646475349099208,0.0003478293957670804,,,,,,,,,,,,,,,,,,,,,,
b01-mask-light,phase1,15,0.9915978456014363,16,54.00982189644128,46.2138165311088,0.46995864388270253,9.682672647618183e-05,2732.15283203125,624,,,0.6857525765513762,0.20742881670594215,2496,0.5573974775198178,0.00021795646104622463,117,0.00011854392723140554,global_seeded_cross_subject_permutation_v1,1872,complete,80,1872,0.7152909554986873,8.761385917663574,0.022816109160582226,0.03112213872373104,"[""effective_rank_below_threshold"",""context_shuffle_gap_below_threshold""]",0.5367110560082982,2.017937660217285,1.7777471542358398,1.600048542022705,0.0,context_encoder_final_norm_full_view_mean_pool,false,0.00011848923750221735,0.7153383734325569,0.5366920424935718
b01-mask-light,phase1,16,0.9916978712490382,17,26.07212109770626,95.73444334069121,0.5917052580760076,9.622399075787997e-05,2637.28369140625,663,,,0.6892416708362408,0.1822953746200372,2496,0.5504750739305447,0.0001896880249100482,,,,,,,,,,,,,,,,,,,,,,
b01-mask-light,phase1,17,0.9917978968966401,18,55.059553290717304,45.332732483697974,0.5976343911427718,9.557112131693398e-05,2689.48193359375,702,,,0.6942931153835394,0.1654329618009237,2496,0.5422616276221398,0.0001588189280506086,117,0.0001244391513685895,global_seeded_cross_subject_permutation_v1,1872,complete,80,1872,0.7222533256579668,9.195490837097168,0.023946590721607208,0.029643172398209572,"[""effective_rank_below_threshold"",""context_shuffle_gap_below_threshold""]",0.5217463460742918,1.908564805984497,1.7027944326400757,1.5794728994369507,0.0,context_encoder_final_norm_full_view_mean_pool,false,0.00012407313721875357,0.7223032508976758,0.52172559487323
b01-mask-light,phase1,18,0.9918979225442421,19,25.790351391769946,96.78037968868108,0.6064579043632898,9.486883398708744e-05,2638.22705078125,741,,,0.6977309441337218,0.14848030623621666,2496,0.5349566837151846,0.0001160269940928862,,,,,,,,,,,,,,,,,,,,,,
b01-mask-light,phase1,19,0.9919979481918441,20,54.364985783584416,45.911903848113774,0.5371510478166434,9.411789878595315e-05,2578.67626953125,780,,,0.7034178055249728,0.13558831882591432,2496,0.5263412385605849,9.748536950691909e-05,117,0.0001400858004633178,global_seeded_cross_subject_permutation_v1,1872,complete,80,1872,0.7316570470475743,9.275702476501465,0.024155475199222565,0.028776144608855247,"[""effective_rank_below_threshold"",""context_shuffle_gap_below_threshold""]",0.5043690168959463,1.969103217124939,1.8024495840072632,1.6405644416809082,0.0,context_encoder_final_norm_full_view_mean_pool,false,0.00013993290873865285,0.7317089147244891,0.5043476659028482
b01-mask-light,phase1,20,0.992097973839446,21,26.08702463004738,95.67975019753975,0.6225381249036545,9.331913907073319e-05,2645.28369140625,819,,,0.7041775725590877,0.12383916828399286,2496,0.5212041503534868,9.131287030273737e-05,,,,,,,,,,,,,,,,,,,,,,
b01-mask-light,phase1,21,0.9921979994870479,22,53.78441810235381,46.40749287739836,0.58252814412117,9.24734306354551e-05,2684.38037109375,858,,,0.7087201149417803,0.11816100444262609,2496,0.513635497731276,8.564140457769425e-05,117,0.00013956687070875085,global_seeded_cross_subject_permutation_v1,1872,complete,80,1872,0.7395239299179143,9.536646842956543,0.02483501782019933,0.027793215587735176,"[""effective_rank_below_threshold"",""context_shuffle_gap_below_threshold""]",0.48895303280944497,1.7749578952789307,1.6537089347839355,1.5417304039001465,0.0,context_encoder_final_norm_full_view_mean_pool,false,0.00013991150384147963,0.7395794829043246,0.4889287997968495
b01-mask-light,phase1,22,0.9922980251346499,23,26.169629539363086,95.3777353342216,0.6157371187821413,9.158170075071427e-05,2666.97412109375,897,,,0.7117148116230965,0.10941633589279193,2496,0.507172213246425,5.6783581742482245e-05,,,,,,,,,,,,,,,,,,,,,,
b01-mask-light,phase1,23,0.9923980507822519,24,54.78968904633075,45.55601689743769,0.6093023534004505,9.064492714697497e-05,2643.23193359375,936,,,0.7160886955948976,0.10557780369447592,2496,0.49979162875276345,7.818105848819629e-05,117,0.0001542017214063905,global_seeded_cross_subject_permutation_v1,1872,complete,80,1872,0.7465101826904167,9.758767127990723,0.02541345606247584,0.02680525742471218,"[""effective_rank_below_threshold"",""context_shuffle_gap_below_threshold""]",0.47432340082959235,1.7635555267333984,1.6639970541000366,1.5736067295074463,0.0,context_encoder_final_norm_full_view_mean_pool,false,0.00015375772491097445,0.7465669327105088,0.47429872532375167
b01-mask-light,phase1,24,0.9924980764298538,25,25.175730326212943,99.1431020136551,0.657919921936133,8.966413694254544e-05,2661.66845703125,975,,,0.7194492996503146,0.09785161351259702,2496,0.49346177929486984,5.748321306725392e-05,,,,,,,,,,,,,,,,,,,,,,
b01-mask-light,phase1,25,0.9925981020774558,26,54.94785920064896,45.42488162979279,0.7150586140461457,8.864040551740158e-05,2695.93798828125,1014,,,0.7213613878075893,0.09531039258656211,2496,0.48845167696858066,6.89221448135996e-05,117,0.00014950221993474878,global_seeded_cross_subject_permutation_v1,1872,complete,80,1872,0.7519315282503763,9.897829055786133,0.025775596499443054,0.026088016107678413,"[""effective_rank_below_threshold"",""context_shuffle_gap_below_threshold""]",0.4621899015883095,1.7497390508651733,1.6315667629241943,1.5176153182983398,0.0,context_encoder_final_norm_full_view_mean_pool,false,0.00014939140528440472,0.7519908123649658,0.4621632853367676
b01-mask-light,phase1,26,0.9926981277250577,27,25.872283562086523,96.47389624538829,0.6059923363037598,8.757485533409488e-05,2598.56396484375,1053,,,0.7227516499085304,0.09254293186733356,2496,0.4833533962567647,5.209351125137264e-05,,,,,,,,,,,,,,,,,,,,,,
b01-mask-light,phase1,27,0.9927981533726596,28,53.47273117210716,46.67799727615151,0.7225712232100658,8.646865470703685e-05,2605.88232421875,1092,,,0.7268210120308094,0.08966508196093716,2496,0.47713668166826934,5.2254188148026515e-05,117,0.00015638377039860457,global_seeded_cross_subject_permutation_v1,1872,complete,80,1872,0.7567378603495084,9.904458045959473,0.025792859494686127,0.025392800569534302,"[""effective_rank_below_threshold"",""context_shuffle_gap_below_threshold""]",0.4508632892726833,1.9075318574905396,1.8235713243484497,1.7298340797424316,0.0,context_encoder_final_norm_full_view_mean_pool,false,0.00015651104040443896,0.7567994098489486,0.45083364796203884
b01-mask-light,phase1,28,0.9928981790202616,29,25.684410570189357,97.17957097668364,0.6707555193167466,8.532301652150948e-05,2693.73779296875,1131,,,0.7269917462880795,0.08435643728201588,2496,0.4735501109598539,4.232880719129275e-05,,,,,,,,,,,,,,,,,,,,,,
b01-mask-light,phase1,29,0.9929982046678636,30,53.671899360604584,46.50478238584706,0.7377653809694144,8.413919690380651e-05,2676.04833984375,1170,,,0.7321181427209805,0.08367969785840848,2496,0.4663819835927242,5.3033480618034024e-05,117,0.00017142052260728984,global_seeded_cross_subject_permutation_v1,1872,complete,80,1872,0.7610008212236258,9.988357543945312,0.026011347770690918,0.024942845106124878,"[""effective_rank_below_threshold"",""context_shuffle_gap_below_threshold""]",0.4402012409817459,1.7203760147094727,1.6443171501159668,1.5706279277801514,0.0,context_encoder_final_norm_full_view_mean_pool,false,0.00017157479499777157,0.7610642094475527,0.4401694315951318
b01-mask-light,phase1,30,0.9930982303154655,31,25.751316928304732,96.92708170806227,0.6891725414838547,8.291849384396313e-05,2688.17724609375,1209,,,0.7312702370377687,0.07953347949884258,2496,0.46448108448814124,3.719604053751496e-05,,,,,,,,,,,,,,,,,,,,,,
b01-mask-light,phase1,31,0.9931982559630674,32,54.30734662897885,45.96063249144479,0.6612911254931719,8.166224577258481e-05,2656.01611328125,1248,,,0.7339450802940589,0.07733126967333448,2496,0.4591350154234813,3.895071956860327e-05,117,0.00017690063159689945,global_seeded_cross_subject_permutation_v1,1872,complete,80,1872,0.7640906470453638,10.149319648742676,0.02643051991860072,0.02431054599583149,"[""effective_rank_below_threshold"",""context_shuffle_gap_below_threshold""]",0.4317642358633188,1.988511323928833,1.9078599214553833,1.7927484512329102,0.0,context_encoder_final_norm_full_view_mean_pool,false,0.00017692352024217448,0.7641550831186275,0.4317317345490058
b01-mask-light,phase1,32,0.9932982816106694,33,25.733248917385936,96.99513683690553,0.6550148098896711,8.037183009333509e-05,2631.84228515625,1287,,,0.7357587229747039,0.07504525077409852,2496,0.45528093438882095,4.182469901828712e-05,,,,,,,,,,,,,,,,,,,,,,
b01-mask-light,phase1,33,0.9933983072582714,34,53.75425092317164,46.433537015842944,0.7289920923037406,7.904866167269186e-05,2574.42138671875,1326,,,0.7375916555905954,0.07301067730459647,2496,0.4512758732606203,3.5231906684666334e-05,117,0.0001875363035589202,global_seeded_cross_subject_permutation_v1,1872,complete,80,1872,0.7669343087408278,10.350379943847656,0.02695411443710327,0.02378169447183609,"[""effective_rank_below_threshold"",""context_shuffle_gap_below_threshold""]",0.4237442398682619,2.0179412364959717,1.9345316886901855,1.8537510633468628,0.0,context_encoder_final_norm_full_view_mean_pool,false,0.00018739242417116958,0.7670003393044073,0.4237100339339424
b01-mask-light,phase1,34,0.9934983329058733,35,26.02773853391409,95.897689949041,0.6971006744947189,7.769419128862778e-05,2598.46826171875,1365,,,0.7359052462837635,0.0716993244460378,2496,0.45075884213050205,3.771568048249171e-05,,,,,,,,,,,,,,,,,,,,,,
b01-mask-light,phase1,35,0.9935983585534752,36,53.836776931770146,46.362359380527124,0.7064608197945815,7.630990403991567e-05,2652.14013671875,1404,,,0.7391033904292644,0.06902115239212528,2496,0.44574887057145435,3.307683048390612e-05,117,0.00020294765440317301,global_seeded_cross_subject_permutation_v1,1872,complete,80,1872,0.7690470264508174,10.43614387512207,0.02717745800813039,0.023389650508761406,"[""effective_rank_below_threshold"",""context_shuffle_gap_below_threshold""]",0.4174085185568557,2.050887107849121,1.980890154838562,1.8999186754226685,0.0,context_encoder_final_norm_full_view_mean_pool,false,0.0002030899437765281,0.7691143095182876,0.41737237212558587
b01-mask-light,phase1,36,0.9936983842010771,37,25.76044410932809,96.89273948100048,0.6932846445303696,7.489731771780334e-05,2619.54833984375,1443,,,0.7393820077562944,0.06839355979210292,2496,0.4436710673647049,3.341965632604372e-05,,,,,,,,,,,,,,,,,,,,,,
b01-mask-light,phase1,37,0.9937984098486792,38,53.859177810139954,46.34307654674378,0.7350534934263963,7.345798114184286e-05,2658.07666015625,1482,,,0.7393511791641896,0.06909579086380127,2496,0.4418717550161557,3.5699383307912623e-05,117,0.0002149210558233098,global_seeded_cross_subject_permutation_v1,1872,complete,80,1872,0.7704997648540725,10.540349960327148,0.027448828021685284,0.02304883487522602,"[""effective_rank_below_threshold"",""context_shuffle_gap_below_threshold""]",0.41223304241131514,2.0959863662719727,2.016601324081421,1.9391841888427734,0.0,context_encoder_final_norm_full_view_mean_pool,false,0.00021470282226800923,0.7705684272261957,0.4121951643222321
b01-mask-light,phase1,38,0.9938984354962811,39,25.947698975913227,96.19350071530393,0.7185105987084217,7.199347246169904e-05,2716.57470703125,1521,,,0.7412941753864288,0.06837607104665576,2496,0.43842537452777225,3.581249371720219e-05,,,,,,,,,,,,,,,,,,,,,,
b01-mask-light,phase1,39,0.993998461143883,40,54.836283224634826,45.517308125629654,0.7138161261876425,7.050539742679939e-05,2637.61083984375,1560,,,0.73983845133812,0.06614989659581812,2496,0.4384042371350985,3.245279126910342e-05,117,0.00021463887304322331,global_seeded_cross_subject_permutation_v1,1872,complete,80,1872,0.7716920426768116,10.56761360168457,0.027519827087720234,0.02276092953979969,"[""effective_rank_below_threshold"",""context_shuffle_gap_below_threshold""]",0.40760025789595056,2.0581157207489014,1.9925167560577393,1.8981835842132568,0.0,context_encoder_final_norm_full_view_mean_pool,false,0.00021401494741439818,0.7717618431895972,0.4075604329196116
b01-mask-light,phase1,40,0.9940984867914849,41,26.421987794339657,94.46677590755357,0.6997537505932343,6.899538762572213e-05,2718.04638671875,1599,,,0.7414901010118998,0.0648339156491252,2496,0.43523087256994003,2.8999458033368705e-05,,,,,,,,,,,,,,,,,,,,,,
b01-mask-light,phase1,41,0.994198512439087,42,54.9224307872355,45.44591279416013,0.709003685376583,6.746509869725345e-05,2619.94384765625,1638,,,0.7422765808609816,0.06392940716483654,2496,0.43315547733352733,2.8167228201607777e-05,117,0.0002241642492958623,global_seeded_cross_subject_permutation_v1,1872,complete,80,1872,0.7728217723023179,10.630789756774902,0.027684348324934643,0.02253228984773159,"[""effective_rank_below_threshold"",""context_shuffle_gap_below_threshold""]",0.4034357936973246,2.305962324142456,2.2362940311431885,2.1357672214508057,0.0,context_encoder_final_norm_full_view_mean_pool,false,0.00022422443144023418,0.7728923046961425,0.40339534568289925
b01-mask-light,phase1,42,0.9942985380866889,43,25.94472972303629,96.20450961120652,0.6904903115370334,6.591620851507485e-05,2661.80712890625,1677,,,0.7403674591810275,0.06476756981693399,2496,0.43364892174036074,3.377898873495429e-05,,,,,,,,,,,,,,,,,,,,,,
b01-mask-light,phase1,43,0.9943985637342908,44,54.70015942491591,45.63057998809182,0.7195360675836221,6.435041534807124e-05,2611.98486328125,1716,,,0.7441527910339527,0.06316279637842225,2496,0.42897812783336026,2.843787648925236e-05,117,0.00023982497170949593,global_seeded_cross_subject_permutation_v1,1872,complete,80,1872,0.7734859040659717,10.498201370239258,0.0273390660683314,0.022437632083892822,"[""effective_rank_below_threshold"",""context_shuffle_gap_below_threshold""]",0.4001048186905364,2.3876683712005615,2.3147060871124268,2.2004969120025635,0.0,context_encoder_final_norm_full_view_mean_pool,false,0.00023967044738431778,0.7735575219305851,0.4000627270434052
b01-mask-light,phase1,44,0.9944985893818928,45,25.791284322738647,96.7768789163952,0.694220000352615,6.276943599827701e-05,2628.44677734375,1755,,,0.7427588271406981,0.0627408802557068,2496,0.42909799210536176,3.082910188692485e-05,,,,,,,,,,,,,,,,,,,,,,
b01-mask-light,phase1,45,0.9945986150294948,46,54.91677948832512,45.45058947840578,0.6747396190961202,6.11750039185014e-05,2617.97314453125,1794,,,0.7429752791157136,0.059813011079453506,2496,0.42795672793036854,2.8621043031596135e-05,117,0.0002496970706006401,global_seeded_cross_subject_permutation_v1,1872,complete,80,1872,0.774265781427041,10.588706016540527,0.027574755251407623,0.02220454253256321,"[""effective_rank_below_threshold"",""context_shuffle_gap_below_threshold""]",0.3970824948742858,2.339620351791382,2.262730836868286,2.1573805809020996,0.0,context_encoder_final_norm_full_view_mean_pool,false,0.0002497031819075346,0.7743383863009512,0.3970393818492691
b01-mask-light,phase1,46,0.9946986406770967,47,26.0876791710034,95.67734958862565,0.6778804782109383,5.9568867311697304e-05,2680.06689453125,1833,,,0.7419540870648164,0.060161751778557516,2496,0.42803701490927965,2.9222825617125636e-05,,,,,,,,,,,,,,,,,,,,,,
b01-mask-light,phase1,47,0.9947986663246986,48,55.7196306893602,44.795702504119745,0.6593097784580328,5.7952787214157505e-05,2618.44970703125,1872,,,0.745362971837704,0.059814949615452535,2496,0.42376707828579807,3.0067931238711217e-05,117,0.0002609369878330801,global_seeded_cross_subject_permutation_v1,1872,complete,80,1872,0.7745680457506424,10.61162281036377,0.027634434401988983,0.022055422887206078,"[""effective_rank_below_threshold"",""context_shuffle_gap_below_threshold""]",0.39501257762949693,2.3454792499542236,2.2741596698760986,2.175055742263794,0.0,context_encoder_final_norm_full_view_mean_pool,false,0.0002605390269309281,0.7746417587002117,0.39496797534326705
b01-mask-light,phase1,48,0.9948986919723006,49,25.74800438899547,96.93955159751232,0.6354541274217459,5.632853556463969e-05,2592.18994140625,1911,,,0.7438218345244726,0.05975124811849151,2496,0.42451303070172286,2.6871865447019853e-05,,,,,,,,,,,,,,,,,,,,,,
b01-mask-light,phase1,49,0.9949987176199026,50,55.11011070013046,45.291144733521485,0.643642300214523,5.469789326153771e-05,2644.24072265625,1950,,,0.743563168323957,0.05895845262477031,2496,0.42392137321906215,2.8986592115442225e-05,117,0.00027462876696362457,global_seeded_cross_subject_permutation_v1,1872,complete,80,1872,0.7750590285684309,10.559980392456055,0.02749994893868764,0.021984530612826347,"[""effective_rank_below_threshold"",""context_shuffle_gap_below_threshold""]",0.3927074922965123,2.4289662837982178,2.357604503631592,2.256941080093384,0.0,context_encoder_final_norm_full_view_mean_pool,false,0.00027449491123358405,0.7751333063778778,0.39266222997878986
b01-mask-light,phase1,50,0.9950987432675045,51,25.693018166348338,97.14701417481417,0.6330625781646142,5.3062648210229045e-05,2590.32080078125,1989,,,0.7450343248171684,0.058343886135098263,2496,0.4219716516060707,2.6038817772980694e-05,,,,,,,,,,,,,,,,,,,,,,
b01-mask-light,phase1,51,0.9951987689151064,52,54.18745377101004,46.06232303418074,0.6132065111245865,5.14245933627395e-05,2709.45849609375,2028,,,0.7445928846032192,0.05688007998590668,2496,0.42175151971288216,2.6044942984162262e-05,117,0.0002814423706796434,global_seeded_cross_subject_permutation_v1,1872,complete,80,1872,0.7752705343768128,10.67146110534668,0.027790263295173645,0.02178368531167507,"[""effective_rank_below_threshold"",""context_shuffle_gap_below_threshold""]",0.3910447114553207,2.5629374980926514,2.4955503940582275,2.4028196334838867,0.0,context_encoder_final_norm_full_view_mean_pool,false,0.0002809544404347739,0.7753459017723803,0.39099831658725925
b01-mask-light,phase1,52,0.9952987945627084,53,26.442348330281675,94.3940367483016,0.6307659729933127,4.9785524751874595e-05,2709.81396484375,2067,,,0.745446116114274,0.05644868791867525,2496,0.4201490522768253,2.3819126255557712e-05,,,,,,,,,,,,,,,,,,,,,,
b01-mask-light,phase1,53,0.9953988202103103,54,55.0746897328645,45.320273470566136,0.6188879639674456,4.814723952197297e-05,2626.61181640625,2106,,,0.7459708645175664,0.05602810215443755,2496,0.4190562968261731,2.705306389371706e-05,117,0.0002930692564218472,global_seeded_cross_subject_permutation_v1,1872,complete,80,1872,0.7756445886742356,10.592619895935059,0.027584947645664215,0.02174840308725834,"[""effective_rank_below_threshold"",""context_shuffle_gap_below_threshold""]",0.3891857668884799,2.5783660411834717,2.5068230628967285,2.407146453857422,0.0,context_encoder_final_norm_full_view_mean_pool,false,0.0002928402740508318,0.7757202967690927,0.38913885213745136
b01-mask-light,phase1,54,0.9954988458579123,55,26.14823495130986,95.45577377011317,0.5650986303121616,4.65115339584412e-05,2645.27685546875,2145,,,0.7446077932149936,0.05567885486958309,2496,0.41967560360446954,2.465103914982245e-05,,,,,,,,,,,,,,,,,,,,,,
b01-mask-light,phase1,55,0.9955988715055142,56,54.99871949944645,45.38287477811409,0.5567417182983496,4.488020151823022e-05,2602.39306640625,2184,,,0.743685527298695,0.056325310483001746,2496,0.420127330491176,2.7755559252922852e-05,117,0.0003058275319317467,global_seeded_cross_subject_permutation_v1,1872,complete,80,1872,0.7757824261983236,10.545161247253418,0.027461357414722443,0.02174384891986847,"[""effective_rank_below_threshold"",""context_shuffle_gap_below_threshold""]",0.38793210545156753,2.667555332183838,2.5870416164398193,2.4831888675689697,0.0,context_encoder_final_norm_full_view_mean_pool,false,0.00030577997677028185,0.7758583067295453,0.38788461233489213
b01-mask-light,phase1,56,0.9956988971531162,57,25.99445906188339,96.0204632094066,0.5564882419048212,4.3255030863413094e-05,2701.42626953125,2223,,,0.7450655058790476,0.05667826810326332,2496,0.4181804679907285,2.5675167557929002e-05,,,,,,,,,,,,,,,,,,,,,,
b01-mask-light,phase1,57,0.9957989228007181,58,54.50401423871517,45.79479208757154,0.519476884450668,4.1637803900020074e-05,2637.76513671875,2262,,,0.7448836587942563,0.055836930572509,2496,0.4179624751783334,2.5008557483244906e-05,117,0.00030657934009009955,global_seeded_cross_subject_permutation_v1,1872,complete,80,1872,0.7758190723565909,10.632518768310547,0.027688850959142048,0.02157239057123661,"[""effective_rank_below_threshold"",""context_shuffle_gap_below_threshold""]",0.3869228245865585,2.7658915519714355,2.692964792251587,2.5911049842834473,0.0,context_encoder_final_norm_full_view_mean_pool,false,0.00030624891320864354,0.7758950446111459,0.38687555817887187
b01-mask-light,phase1,58,0.99589894844832,59,25.68489047884941,97.17775522754776,0.5299860246670551,4.003029382428121e-05,2650.64111328125,2301,,,0.7433806577554116,0.05551370483441039,2496,0.41908586904024464,2.558592981234853e-05,,,,,,,,,,,,,,,,,,,,,,
b01-mask-light,phase1,59,0.995998974095922,60,54.86328954435885,45.494902342337646,0.5163944057929211,3.843426317841885e-05,2667.31787109375,2340,,,0.7452562443720989,0.05464981187087221,2496,0.4168417497705191,2.6871151003791628e-05,117,0.00031377381493902614,global_seeded_cross_subject_permutation_v1,1872,complete,80,1872,0.7758559686505896,10.56359577178955,0.02750936398903529,0.021546944975852966,"[""effective_rank_below_threshold"",""context_shuffle_gap_below_threshold""]",0.3860281237170228,2.784318447113037,2.7141852378845215,2.6174304485321045,0.0,context_encoder_final_norm_full_view_mean_pool,false,0.00031331296389301613,0.7759322078277666,0.3859806549269706
b01-mask-light,phase1,60,0.996098999743524,61,26.535060595721006,94.06422838176975,0.4913383065125881,3.685146191812156e-05,2714.66357421875,2379,,,0.7443501972235166,0.05472145961502042,2496,0.4172642131646474,2.5489096220331893e-05,,,,,,,,,,,,,,,,,,,,,,
b01-mask-light,phase1,61,0.9961990253911259,62,55.51719484478235,44.9590438958315,0.5244510953242962,3.528362549381854e-05,2731.43017578125,2418,,,0.7463185466252841,0.05321712797889725,2496,0.41526429173656,2.1727674671627556e-05,117,0.0003143280394311644,global_seeded_cross_subject_permutation_v1,1872,complete,80,1872,0.7758204712826982,10.60446548461914,0.027615795532862347,0.02145608514547348,"[""effective_rank_below_threshold"",""context_shuffle_gap_below_threshold""]",0.38531001307006574,2.898047685623169,2.826385974884033,2.723245859146118,0.0,context_encoder_final_norm_full_view_mean_pool,false,0.000314175725604097,0.7758968091569842,0.3852622510710111
b01-mask-light,phase1,62,0.9962990510387278,63,25.735092032700777,96.98819016572433,0.48085385713821804,3.373247294785808e-05,2646.53076171875,2457,,,0.7454659543358363,0.052028669689137205,2496,0.4158361989718217,2.34752368525867e-05,,,,,,,,,,,,,,,,,,,,,,
b01-mask-light,phase1,63,0.9963990766863299,64,54.69648697972298,45.6336437278927,0.4651446724549318,3.219970502967676e-05,2739.71337890625,2496,,,0.7453268600197939,0.05390963529069454,2496,0.4155125397329147,2.546981097404309e-05,117,0.0003203834351311382,global_seeded_cross_subject_permutation_v1,1872,complete,80,1872,0.775849316874121,10.583342552185059,0.027560787896315258,0.021410265937447548,"[""effective_rank_below_threshold"",""context_shuffle_gap_below_threshold""]",0.3846300427730267,2.8743934631347656,2.8038251399993896,2.700892686843872,0.0,context_encoder_final_norm_full_view_mean_pool,false,0.0003196882704893746,0.7759258103246492,0.38458268019991626
b01-mask-light,phase1,64,0.9964991023339318,65,25.659577078185976,97.27362194608925,0.4286945355244172,3.068700233102551e-05,2741.97314453125,2535,,,0.744674428151204,0.05351429084578577,2496,0.41576236113905907,2.4525827046982494e-05,,,,,,,,,,,,,,,,,,,,,,
b01-mask-light,phase1,65,0.9965991279815337,66,53.892022104002535,46.314832929874854,0.44083215334476566,2.9196023443297586e-05,2584.32470703125,2574,,,0.7467382105115132,0.05247249915145147,2496,0.41346322162411153,2.3887211255212966e-05,117,0.0003259147429822857,global_seeded_cross_subject_permutation_v1,1872,complete,80,1872,0.7758045196533203,10.601740837097168,0.027608700096607208,0.021295370534062386,"[""effective_rank_below_threshold"",""context_shuffle_gap_below_threshold""]",0.3840909495822385,2.944779872894287,2.873258590698242,2.7699849605560303,0.0,context_encoder_final_norm_full_view_mean_pool,false,0.0003257859187821548,0.775880867180725,0.3840434657565008
b01-mask-light,phase1,66,0.9966991536291356,67,25.594033752568066,97.52272830966143,0.4010784794122745,2.7728403138978678e-05,2697.76025390625,2613,,,0.7456461315353712,0.05216348725251663,2496,0.4145851098956206,2.435376413493314e-05,,,,,,,,,,,,,,,,,,,,,,
b01-mask-light,phase1,67,0.9967991792767377,68,53.987754644826055,46.2327062205245,0.4149982891021631,2.628575057921294e-05,2644.27294921875,2652,,,0.7456372215961798,0.05230422172910319,2496,0.4144045366690709,2.349733980817785e-05,117,0.0003318510885931488,global_seeded_cross_subject_permutation_v1,1872,complete,80,1872,0.7757703947205828,10.697049140930176,0.027856898804505665,0.021225081756711006,"[""effective_rank_below_threshold"",""context_shuffle_gap_below_threshold""]",0.38363256719377303,3.027452230453491,2.959747791290283,2.860196590423584,0.0,context_encoder_final_norm_full_view_mean_pool,false,0.0003313165934135517,0.7758469112838309,0.38358536548912536
b01-mask-light,phase1,68,0.9968992049243396,69,25.120318429544568,99.36179778136884,0.3823828552013788,2.4869647549450498e-05,2651.92919921875,2691,,,0.7451990712911655,0.05146643799992326,2496,0.4144342055496497,2.4393719507351182e-05,,,,,,,,,,,,,,,,,,,,,,
b01-mask-light,phase1,69,0.9969992305719415,70,54.41062348522246,45.87339457115201,0.3774297359662178,2.3481646725110806e-05,2693.34619140625,2730,,,0.7453845601815444,0.05116640725650658,2496,0.414101316092106,2.2512686109780275e-05,117,0.0003341284190487658,global_seeded_cross_subject_permutation_v1,1872,complete,80,1872,0.7757325758281935,10.703375816345215,0.02787337452173233,0.021186985075473785,"[""effective_rank_below_threshold"",""context_shuffle_gap_below_threshold""]",0.3831651093613388,3.0589845180511475,2.9855737686157227,2.88368821144104,0.0,context_encoder_final_norm_full_view_mean_pool,false,0.0003336540423333644,0.775809286503742,0.3831172567171356
b01-mask-light,phase1,70,0.9970992562195434,71,26.20295420009643,95.25643486377633,0.37159635317631257,2.2123269969163515e-05,2741.07275390625,2769,,,0.7463825303010452,0.05162186090213557,2496,0.41273688085568255,2.5205875021519282e-05,,,,,,,,,,,,,,,,,,,,,,
b01-mask-light,phase1,71,0.9971992818671455,72,55.855472401715815,44.68675839045139,0.3531949588885674,2.079600666349326e-05,2719.62841796875,2808,,,0.7459798449507127,0.050631900974668756,2496,0.4130537581558411,2.4121938467922485e-05,117,0.0003397655633524952,global_seeded_cross_subject_permutation_v1,1872,complete,80,1872,0.7756190116588886,10.677974700927734,0.027807225783665974,0.02116866409778595,"[""effective_rank_below_threshold"",""context_shuffle_gap_below_threshold""]",0.3828612713732271,3.061302661895752,2.9940576553344727,2.897413492202759,0.0,context_encoder_final_norm_full_view_mean_pool,false,0.0003395557714005312,0.7756959463780125,0.38281346286336587
b01-mask-light,phase1,72,0.9972993075147474,73,25.76719529181719,96.86735291646768,0.313054797741083,1.9501312075878267e-05,2691.96728515625,2847,,,0.7448955168708776,0.04986771100009672,2496,0.41421553406577843,2.2735902120893878e-05,,,,,,,,,,,,,,,,,,,,,,
b01-mask-light,phase1,73,0.9973993331623493,74,54.16356497909874,46.082638780574825,0.3249147572578528,1.8240605764373045e-05,2656.41552734375,2886,,,0.7451204306040055,0.05037689944490408,2496,0.41358766246300477,2.1826402863266683e-05,117,0.00034460188168236334,global_seeded_cross_subject_permutation_v1,1872,complete,80,1872,0.7755272617706885,10.66358757019043,0.02776975929737091,0.02113453485071659,"[""effective_rank_below_threshold"",""context_shuffle_gap_below_threshold""]",0.3826698441790719,3.1709396839141846,3.1011805534362793,2.9981536865234375,0.0,context_encoder_final_norm_full_view_mean_pool,false,0.00034409345438083023,0.7756043697707355,0.3826222893937181
b01-mask-light,phase1,74,0.9974993588099512,75,25.63207738380879,97.37798316638461,0.317878028521171,1.701527002084471e-05,2632.83056640625,2925,,,0.7470510428150495,0.05042265954976662,2496,0.4114245906090125,2.4182072503747394e-05,,,,,,,,,,,,,,,,,,,,,,
b01-mask-light,phase1,75,0.9975993844575533,76,54.764014126732945,45.57737484735588,0.2972898406860156,1.5826648355369542e-05,2602.03369140625,2964,,,0.7465496804469671,0.05109010870831135,2496,0.41175418662337154,2.3985048391668038e-05,117,0.0003462998817364375,global_seeded_cross_subject_permutation_v1,1872,complete,80,1872,0.7753875846536751,10.778101921081543,0.028067973752816517,0.021038278937339783,"[""effective_rank_below_threshold"",""context_shuffle_gap_below_threshold""]",0.38249133489070797,3.165780544281006,3.097613573074341,3.0040018558502197,0.0,context_encoder_final_norm_full_view_mean_pool,false,0.00034562724952896427,0.7754647422581914,0.38244384878004584
b01-mask-light,phase1,76,0.9976994101051552,77,25.610504008829594,97.46001090566072,0.28032382214680696,1.467604402315164e-05,2687.41748046875,3003,,,0.7453349945254815,0.05039403826977389,2496,0.4131235182285309,2.147901952134554e-05,,,,,,,,,,,,,,,,,,,,,,
b01-mask-light,phase1,77,0.9977994357527571,78,55.22243980318308,45.19901708247465,0.2909294168154399,1.3564718595578532e-05,2773.17431640625,3042,,,0.7451066374778748,0.05006005641264029,2496,0.41336877051836407,2.3527826747646522e-05,117,0.00034609269828368456,global_seeded_cross_subject_permutation_v1,1872,complete,80,1872,0.7752716785822159,10.747766494750977,0.027988975246747334,0.021039346233010292,"[""effective_rank_below_threshold"",""context_shuffle_gap_below_threshold""]",0.38244314045987576,3.2215323448181152,3.1531965732574463,3.0517349243164062,0.0,context_encoder_final_norm_full_view_mean_pool,false,0.0003457510999093454,0.7753489430062472,0.38239573333412424
b01-mask-light,phase1,78,0.997899461400359,79,26.23022052180022,95.15741577260273,0.2637857072628461,1.2493890576980873e-05,2624.63525390625,3081,,,0.7437347899644803,0.05005982007759695,2496,0.4142820095786682,2.1634595178773508e-05,,,,,,,,,,,,,,,,,,,,,,
b01-mask-light,phase1,79,0.997999487047961,80,55.15347147267312,45.25553756369973,0.25505918226180935,1.1464734068612605e-05,2714.67724609375,3120,,,0.7444138649182442,0.049189551470753476,2496,0.41374492989136624,2.153140992424468e-05,117,0.00034754882510910684,global_seeded_cross_subject_permutation_v1,1872,complete,80,1872,0.7751528095995259,10.835460662841797,0.028217345476150513,0.02094503678381443,"[""effective_rank_below_threshold"",""context_shuffle_gap_below_threshold""]",0.38239954832272655,3.2926063537597656,3.226984977722168,3.1346373558044434,0.0,context_encoder_final_norm_full_view_mean_pool,false,0.00034701291782160605,0.7752300797961653,0.3823519971376907
b01-mask-light,phase1,80,0.998099512695563,81,25.7862564669922,96.79574866537975,0.24937795331844917,1.0478377481316536e-05,2648.96826171875,3159,,,0.7452116329700519,0.050085493381350085,2496,0.41268747538710254,2.2897618345738217e-05,,,,,,,,,,,,,,,,,,,,,,
b01-mask-light,phase1,81,0.9981995383431649,82,55.73191907629371,44.78582545458597,0.24067665483707038,9.535902298286847e-06,2611.30322265625,3198,,,0.745971659437204,0.04820086684030218,2496,0.4119031510482996,2.059915348932388e-05,117,0.00035027613560868124,global_seeded_cross_subject_permutation_v1,1872,complete,80,1872,0.775078032261286,10.832175254821777,0.028208789726098377,0.020927591249346733,"[""effective_rank_below_threshold"",""context_shuffle_gap_below_threshold""]",0.3823062813180125,3.3621068000793457,3.2976183891296387,3.2034242153167725,0.0,context_encoder_final_norm_full_view_mean_pool,false,0.00034990999847650517,0.7751552844109633,0.3822587330515185
b01-mask-light,phase1,82,0.9982995639907669,83,25.888941620476544,96.41182079169351,0.22768833812994835,8.638341889285072e-06,2672.73779296875,3237,,,0.7451659481112773,0.04904924789801813,2496,0.41278803128844654,2.23385750935461e-05,,,,,,,,,,,,,,,,,,,,,,
b01-mask-light,phase1,83,0.9983995896383688,84,55.43481463752687,45.02585633812728,0.22171064141469124,7.786680377609617e-06,2617.36669921875,3276,,,0.7462713464330404,0.048537925721552126,2496,0.4115654959892615,2.2489982539124315e-05,117,0.0003527166305953621,global_seeded_cross_subject_permutation_v1,1872,complete,80,1872,0.7749384101639446,10.831653594970703,0.028207431236902874,0.020912377163767815,"[""effective_rank_below_threshold"",""context_shuffle_gap_below_threshold""]",0.38231788995938426,3.3775815963745117,3.311735153198242,3.2155299186706543,0.0,context_encoder_final_norm_full_view_mean_pool,false,0.0003519015076259771,0.7750157058859865,0.38227056409232313
b01-mask-light,phase1,84,0.9984996152859708,85,25.37389876227826,98.36880108115835,0.2048853800082818,6.981851561061257e-06,2644.14111328125,3315,,,0.7443063238110298,0.0480068586110018,2496,0.4134191591770221,2.0981929085705493e-05,,,,,,,,,,,,,,,,,,,,,,
b01-mask-light,phase1,85,0.9985996409335727,86,54.63538954034448,45.68467473187641,0.19589699842990974,6.2247378880876434e-06,2733.54541015625,3354,,,0.7451678289052768,0.049480966793803066,2496,0.4125405674179395,2.335231866514056e-05,117,0.00035221678897356376,global_seeded_cross_subject_permutation_v1,1872,complete,80,1872,0.7748785737233285,10.840951919555664,0.028231645623842876,0.020894790068268776,"[""effective_rank_below_threshold"",""context_shuffle_gap_below_threshold""]",0.38231444588074315,3.3702991008758545,3.3021979331970215,3.2078027725219727,0.0,context_encoder_final_norm_full_view_mean_pool,false,0.0003515901354451974,0.7749558829702439,0.38226722556476794
b01-mask-light,phase1,86,0.9986996665811747,87,26.155380276031792,95.42969643944649,0.18539564235088152,5.516169490229411e-06,2648.92236328125,3393,,,0.744526553230408,0.04891080113175588,2496,0.4130045768733208,2.0514219091347593e-05,,,,,,,,,,,,,,,,,,,,,,
b01-mask-light,phase1,87,0.9987996922287766,88,54.69633353501558,45.63377174819418,0.16906127677514002,4.856923271928705e-06,2749.62744140625,3432,,,0.7439229692786168,0.048586953103016965,2496,0.4137005583407023,2.051960499615236e-05,117,0.0003526526956986158,global_seeded_cross_subject_permutation_v1,1872,complete,80,1872,0.7748151696645297,10.859282493591309,0.028279381493727367,0.02086668461561203,"[""effective_rank_below_threshold"",""context_shuffle_gap_below_threshold""]",0.38230459277446455,3.410120964050293,3.3459880352020264,3.253920316696167,0.0,context_encoder_final_norm_full_view_mean_pool,false,0.00035210195928812025,0.7748924822236101,0.38225704270104555
b01-mask-light,phase1,88,0.9988997178763785,89,25.584361985325813,97.55959524930142,0.16885379873789275,4.247722058698223e-06,2663.69970703125,3471,,,0.7438526193682964,0.047495103118797906,2496,0.41366733295413166,1.9984089604053476e-05,,,,,,,,,,,,,,,,,,,,,,
b01-mask-light,phase1,89,0.9989997435239805,90,54.63733190018684,45.683050639437695,0.16145207369938874,3.689233804584682e-06,2635.77490234375,3510,,,0.7464588561501259,0.047566856000906765,2496,0.41128466020409876,1.8554803332699192e-05,117,0.0003550015071518401,global_seeded_cross_subject_permutation_v1,1872,complete,80,1872,0.7747517375864534,10.883174896240234,0.028341601292292278,0.02084185741841793,"[""effective_rank_below_threshold"",""context_shuffle_gap_below_threshold""]",0.3823124626253405,3.434985876083374,3.3690483570098877,3.2735164165496826,0.0,context_encoder_final_norm_full_view_mean_pool,false,0.0003545107319951057,0.7748290489117308,0.3822651887312531
b01-mask-light,phase1,90,0.9990997691715825,91,25.790203884243965,96.78093322576964,0.16862082137511328,3.182070859795651e-06,2673.70166015625,3549,,,0.7448151831825575,0.04718181820443043,2496,0.41275416324153924,1.958233378794547e-05,,,,,,,,,,,,,,,,,,,,,,
b01-mask-light,phase1,91,0.9991997948191844,92,55.150709499605,45.25780398197555,0.14407102572612274,2.7267892992928275e-06,2629.30810546875,3588,,,0.7430928550087489,0.04723558945652957,2496,0.4145135769668298,2.0049292036851157e-05,117,0.0003548049582884862,global_seeded_cross_subject_permutation_v1,1872,complete,80,1872,0.7746984082409459,10.864751815795898,0.02829362452030182,0.020847896113991737,"[""effective_rank_below_threshold"",""context_shuffle_gap_below_threshold""]",0.3823210434017018,3.468884229660034,3.402946949005127,3.3084287643432617,0.0,context_encoder_final_norm_full_view_mean_pool,false,0.00035453055364390214,0.7747755710346003,0.38227365529164664
b01-mask-light,phase1,92,0.9992998204667863,93,25.673550326377153,97.2206791919852,0.13883668738297927,2.32388831308788e-06,2705.73681640625,3627,,,0.7445526340833077,0.04788038019950573,2496,0.4128897873063882,1.8738670400390098e-05,,,,,,,,,,,,,,,,,,,,,,
b01-mask-light,phase1,93,0.9993998461143883,94,55.011114954948425,45.37264881913608,0.1362679308423629,1.9738096589092998e-06,2674.24072265625,3666,,,0.7443678291180195,0.047869276613570176,2496,0.4130611149355387,2.040100322206117e-05,117,0.00035496345824665495,global_seeded_cross_subject_permutation_v1,1872,complete,80,1872,0.7746457921134101,10.897767066955566,0.028379601736863453,0.020824864506721497,"[""effective_rank_below_threshold"",""context_shuffle_gap_below_threshold""]",0.382359882705232,3.4826598167419434,3.416703701019287,3.3224215507507324,0.0,context_encoder_final_norm_full_view_mean_pool,false,0.000354274082928896,0.7747230492221812,0.38231274603555604
b01-mask-light,phase1,94,0.9994998717619903,95,26.07860092818737,95.71065590800802,0.13010622809330621,1.6769371778405413e-06,2635.40771484375,3705,,,0.7434853481558653,0.04839355010204972,2496,0.4141130956510703,1.8627734047590923e-05,,,,,,,,,,,,,,,,,,,,,,
b01-mask-light,phase1,95,0.9995998974095922,96,55.03631066158414,45.351877151573525,0.13159984942430106,1.4335963734603588e-06,2692.16748046875,3744,,,0.745230706074299,0.04635547639396137,2496,0.41248941880006057,1.8321040338051194e-05,117,0.0003545604741726166,global_seeded_cross_subject_permutation_v1,1872,complete,80,1872,0.7746197092227447,10.914562225341797,0.028423339128494263,0.020804328843951225,"[""effective_rank_below_threshold"",""context_shuffle_gap_below_threshold""]",0.3823778048539773,3.503215789794922,3.4380581378936768,3.3437724113464355,0.0,context_encoder_final_norm_full_view_mean_pool,false,0.00035395463928580275,0.7746969878673555,0.38233057026130446
b01-mask-light,phase1,96,0.9996999230571941,97,25.363030678592622,98.41095220953703,0.13302345745838606,1.2440540549468842e-06,2583.51318359375,3783,,,0.7437375696041645,0.049360814050604135,2496,0.41396687313532216,1.9523260907119195e-05,,,,,,,,,,,,,,,,,,,,,,
b01-mask-light,phase1,97,0.999799948704796,98,55.03174079209566,45.35564319925177,0.11805928479402493,1.1085180445367066e-06,2635.35205078125,3822,,,0.7430243228490536,0.04789039772600891,2496,0.4145747770865758,1.90959883855959e-05,117,0.00035512945654555265,global_seeded_cross_subject_permutation_v1,1872,complete,80,1872,0.7746082926407839,10.902161598205566,0.028391045828660328,0.020812321454286575,"[""effective_rank_below_threshold"",""context_shuffle_gap_below_threshold""]",0.38238275025644874,3.508633852005005,3.4417672157287598,3.34740948677063,0.0,context_encoder_final_norm_full_view_mean_pool,false,0.00035448060370981695,0.7746854456452035,0.38233580250913907
b01-mask-light,phase1,98,0.9998999743523981,99,25.88253023661673,96.4357030468698,0.11900644864027317,1.0271369496598035e-06,2576.26318359375,3861,,,0.7430337952115597,0.04839055387613674,2496,0.41439590211480093,1.9269142214603163e-05,,,,,,,,,,,,,,,,,,,,,,
b01-mask-light,phase1,99,1.0,100,54.552494400180876,45.754094793357865,0.11647564516617702,1e-06,2695.54541015625,3900,,,0.7435313035280277,0.048307361314073205,2496,0.4140841871117934,1.8515106730574097e-05,117,0.00035514988196201814,global_seeded_cross_subject_permutation_v1,1872,complete,80,1872,0.7746148715671312,10.916805267333984,0.02842918038368225,0.02080283686518669,"[""effective_rank_below_threshold"",""context_shuffle_gap_below_threshold""]",0.3823062120339809,3.5218653678894043,3.457322120666504,3.362900495529175,0.0,context_encoder_final_norm_full_view_mean_pool,false,0.00035457868749896686,0.7746920210930208,0.3822590763370195
b02-mask-light-clip-var,phase1,0,0.990097460887407,1,27.29825236555189,91.43442468682512,0.6701880212013538,2.7185929648241205e-05,2677.27392578125,39,1.589373953279275,0.7633417445497636,0.09420797415823938,5.131114099652339,2496,0.8031480375390786,0.3960677863886723,,,,,,,,,,,,,,,,,,,,,,
b02-mask-light-clip-var,phase1,1,0.9901974865350089,2,55.32758446037769,45.11312077590313,1.3050181498894324,4.482412060301508e-05,2675.78564453125,78,4.852141770414817,0.5649628334511549,0.48896967333096725,7.596637947437091,2496,0.7075581915485554,0.22274152781718817,117,3.40353984099168e-05,global_seeded_cross_subject_permutation_v1,1872,complete,80,1872,0.6607897001453954,1.9145848751068115,0.004985898112257321,0.06604018807411194,"[""effective_rank_below_threshold"",""context_shuffle_gap_below_threshold""]",0.6426242702027671,13.489875793457031,12.712794303894043,12.251255989074707,0.0,context_encoder_final_norm_full_view_mean_pool,false,3.35594949622949e-05,0.6607963075861333,0.6426468524771435
b02-mask-light-clip-var,phase1,2,0.990297512182611,3,25.98164199385792,96.06783130142645,1.776775292861156,6.246231155778895e-05,2720.17431640625,117,4.829148803383876,0.5249192132017552,0.6971403157863861,7.34536712597578,2496,0.6240406978206757,0.09500278001173566,,,,,,,,,,,,,,,,,,,,,,
b02-mask-light-clip-var,phase1,3,0.9903975378302129,4,54.099426846951246,46.137272527142514,1.91044527445084,8.010050251256282e-05,2682.26904296875,156,4.493116073883497,0.4908632715352071,0.7297775760675088,6.039208502341539,2496,0.5854295876163703,0.04946168567030094,117,0.00020220487290977413,global_seeded_cross_subject_permutation_v1,1872,complete,80,1872,0.7306478110134093,4.7114081382751465,0.012269292026758194,0.30292508006095886,"[""effective_rank_below_threshold"",""context_shuffle_gap_below_threshold""]",0.5715496280254462,13.26701545715332,10.946357727050781,8.952940940856934,0.0,context_encoder_final_norm_full_view_mean_pool,false,0.0002027015201747417,0.7306533503656584,0.571571587833265
b02-mask-light-clip-var,phase1,4,0.9904975634778148,5,26.425824215635657,94.45306150652301,2.3805115008965516,9.773869346733669e-05,2706.41845703125,195,4.355171167697662,0.465399481738225,0.687445444556383,5.26652427820059,2496,0.5964699578590882,0.046454016477442704,,,,,,,,,,,,,,,,,,,,,,
b02-mask-light-clip-var,phase1,5,0.9905975891254167,6,54.00843935646117,46.214999539722804,2.112067317351317,9.997937475231581e-05,2610.27880859375,234,4.360250810017953,0.45422287505024517,0.6562794653268961,4.956379885856922,2496,0.6135049374439777,0.04159898170007345,117,0.009542792239505002,global_seeded_cross_subject_permutation_v1,1872,complete,80,1872,0.6670776702399946,8.162700653076172,0.021257032950719196,0.3326786160469055,"[""effective_rank_below_threshold""]",0.6095070757417598,13.15266227722168,10.136250495910645,8.423256874084473,0.0,context_encoder_final_norm_full_view_mean_pool,false,0.009521599362293881,0.6670528575467569,0.6095409865801534
b02-mask-light-clip-var,phase1,6,0.9906976147730188,7,25.920328555628657,96.29507568328982,1.9438574039019072,9.99049442977617e-05,2650.36083984375,273,4.294433779441393,0.4478902200666758,0.6578899973478073,4.727576583623886,2496,0.6165690290240141,0.037515744632587604,,,,,,,,,,,,,,,,,,,,,,
b02-mask-light-clip-var,phase1,7,0.9907976404206207,8,53.59953172225505,46.56757101785716,1.762135692131825,9.977634416699127e-05,2638.84033203125,312,4.330673473767745,0.44075911826430225,0.6734870167878958,4.659460096023022,2496,0.6096330835269048,0.03461022378327564,117,0.022320351030072596,global_seeded_cross_subject_permutation_v1,1872,complete,80,1872,0.6885871021156638,15.180384635925293,0.03953225165605545,0.4196828305721283,"[""effective_rank_below_threshold""]",0.601249246006338,13.368342399597168,10.747048377990723,8.240999221801758,0.0,context_encoder_final_norm_full_view_mean_pool,false,0.022265770472586155,0.688581209567686,0.6012754888584213
b02-mask-light-clip-var,phase1,8,0.9908976660682226,9,26.01991790626198,95.9265132577267,1.4794142215679853,9.959371536264192e-05,2695.24951171875,351,4.327833072497294,0.4354364791741738,0.6873980061366007,4.571070894981042,2496,0.6004994104687984,0.031498232593712136,,,,,,,,,,,,,,,,,,,,,,
b02-mask-light-clip-var,phase1,9,0.9909976917158245,10,53.97356706671417,46.24485902358117,1.3109155801626353,9.93572581266801e-05,2711.61474609375,390,4.334088259782547,0.4313320891979413,0.6996739237354352,4.520016646538025,2496,0.5896014590293933,0.028541764232497185,117,0.03263120713014888,global_seeded_cross_subject_permutation_v1,1872,complete,80,1872,0.7177532427331321,21.78638458251953,0.056735376516977944,0.4617006480693817,[],0.5769410459404318,13.898040771484375,11.211029052734375,9.129618644714355,0.0,context_encoder_final_norm_full_view_mean_pool,true,0.03254714123904705,0.7176533116959037,0.5770276873682936
b02-mask-light-clip-var,phase1,10,0.9910977173634266,11,28.983208985999227,86.11882836043898,1.2412536281805773,9.906723172084758e-05,2630.19091796875,429,4.331362501933024,0.42860443020860356,0.7063778533767431,4.459187189737956,2496,0.5808626969273274,0.026061215199148044,,,,,,,,,,,,,,,,,,,,,,
b02-mask-light-clip-var,phase1,11,0.9911977430110285,12,53.962210974656045,46.2545910354243,1.1234884751148713,9.87239541423959e-05,2691.90185546875,468,4.339422699732658,0.42596418410539627,0.710006937957727,4.422236163646747,2496,0.5742594103018442,0.023375834947308667,117,0.04043779340692055,global_seeded_cross_subject_permutation_v1,1872,complete,80,1872,0.7208263690655048,27.186681747436523,0.07079865038394928,0.48116305470466614,[],0.5656697474993192,14.003782272338867,11.12379264831543,8.760014533996582,0.0,context_encoder_final_norm_full_view_mean_pool,true,0.0403265736065805,0.720729102473706,0.5657697633840144
b02-mask-light-clip-var,phase1,12,0.9912977686586304,13,25.9506048373878,96.18272929053042,1.0928849746019413,9.83278017754206e-05,2737.00146484375,507,4.329198135015292,0.4254256612979449,0.7107987340826255,4.368362948680535,2496,0.5696658417582512,0.02129024623009639,,,,,,,,,,,,,,,,,,,,,,
b02-mask-light-clip-var,phase1,13,0.9913977943062323,14,54.02341744303703,46.202186350610155,0.9339070549378028,9.78792089781779e-05,2729.33447265625,546,4.321187036159711,0.42252682025233906,0.710486973516452,4.32103102405866,2496,0.5668320317681019,0.018622127418310788,117,0.04967852111937653,global_seeded_cross_subject_permutation_v1,1872,complete,80,1872,0.7230766466540149,29.854045867919922,0.0777449111143748,0.493459552526474,[],0.5570134097694331,13.5744047164917,11.319613456726074,9.08446216583252,0.0,context_encoder_final_norm_full_view_mean_pool,true,0.04956129849888385,0.7229996042326092,0.5571158907841892
b02-mask-light-clip-var,phase1,14,0.9914978199538343,15,25.691094332374632,97.15428886400785,0.8742220921394153,9.737866760683574e-05,2711.77685546875,585,4.308979973579064,0.4217765324581892,0.7115985346146119,4.268090472007409,2496,0.5633090102137663,0.016793750298137847,,,,,,,,,,,,,,,,,,,,,,
b02-mask-light-clip-var,phase1,15,0.9915978456014363,16,53.781603465788066,46.40992159312939,0.810757944217095,9.682672647618183e-05,2750.38037109375,624,4.307758636199511,0.4193460460847769,0.7085995376110077,4.22793350311426,2496,0.5634936281503775,0.014977449984050905,117,0.05548010075576285,global_seeded_cross_subject_permutation_v1,1872,complete,80,1872,0.7120887525061257,35.55451202392578,0.09258987506230672,0.5102548599243164,[],0.5607430522258465,13.739800453186035,11.6151762008667,9.035319328308105,0.0,context_encoder_final_norm_full_view_mean_pool,true,0.05535114416852595,0.711955550250908,0.5608852177237473
b02-mask-light-clip-var,phase1,16,0.9916978712490382,17,26.255789979360998,95.06474579367223,0.810072429669209,9.622399075787997e-05,2656.49560546875,663,4.317469092515799,0.41818153189542967,0.705585798009848,4.203788239986468,2496,0.5643424852154194,0.01391398257169968,,,,,,,,,,,,,,,,,,,,,,
b02-mask-light-clip-var,phase1,17,0.9917978968966401,18,54.418284801766276,45.8669362529961,0.7661120845721319,9.557112131693398e-05,2707.99072265625,702,4.316346883773804,0.4168451879269037,0.7027194465582187,4.172839063100326,2496,0.5654599884381661,0.012447910075887846,117,0.05761457247357083,global_seeded_cross_subject_permutation_v1,1872,complete,80,1872,0.7064168045663426,39.81161117553711,0.10367607076962788,0.5058199763298035,[],0.562852175317259,13.581360816955566,11.619738578796387,9.404767990112305,0.0,context_encoder_final_norm_full_view_mean_pool,true,0.057476618528986965,0.7062257544137538,0.5630322605371476
b02-mask-light-clip-var,phase1,18,0.9918979225442421,19,25.835105721838772,96.61272637603712,0.7328584102483896,9.486883398708744e-05,2656.93896484375,741,4.311686774094899,0.4155441869336825,0.7015193813504317,4.138251916720317,2496,0.5655963470538458,0.011442627323469004,,,,,,,,,,,,,,,,,,,,,,
b02-mask-light-clip-var,phase1,19,0.9919979481918441,20,54.20188910327852,46.050055473971,0.7749253572561802,9.411789878595315e-05,2595.90380859375,780,4.320194147336177,0.4154727580264593,0.6981591528806931,4.128165319944039,2496,0.5676398221880962,0.010992977165211087,117,0.06359631383520925,global_seeded_cross_subject_permutation_v1,1872,complete,80,1872,0.7028604857941978,42.885498046875,0.11168098449707031,0.5233713984489441,[],0.564546400665218,13.500081062316895,11.523201942443848,9.147665977478027,0.0,context_encoder_final_norm_full_view_mean_pool,true,0.06345414995836716,0.7026883755500117,0.564711546851322
b02-mask-light-clip-var,phase1,20,0.992097973839446,21,25.9087299881503,96.3381841233275,0.6646056480896778,9.331913907073319e-05,2669.30810546875,819,4.330808525666212,0.41311741400605595,0.697073065317594,4.1065630706456995,2496,0.5680385262538226,0.009581506125425968,,,,,,,,,,,,,,,,,,,,,,
b02-mask-light-clip-var,phase1,21,0.9921979994870479,22,53.00452869478613,47.09031589305543,0.6483843326568604,9.24734306354551e-05,2706.82666015625,858,4.320598262242782,0.4123811595715009,0.6954445214225695,4.075934242743712,2496,0.5690065341500136,0.00881821914570024,117,0.06934706764852899,global_seeded_cross_subject_permutation_v1,1872,complete,80,1872,0.7001925212705237,45.10419464111328,0.1174588402112325,0.528458297252655,[],0.5660073583961552,13.385550498962402,11.564722061157227,9.174600601196289,0.0,context_encoder_final_norm_full_view_mean_pool,true,0.06920849778689445,0.7000565097667277,0.5661454377230257
b02-mask-light-clip-var,phase1,22,0.9922980251346499,23,26.20271386578679,95.25730856676866,0.6472519697287143,9.158170075071427e-05,2689.77978515625,897,4.323051496193959,0.41208137304354936,0.6952208253817681,4.05880866600917,2496,0.5688069457044969,0.008383397068171643,,,,,,,,,,,,,,,,,,,,,,
b02-mask-light-clip-var,phase1,23,0.9923980507822519,24,53.12400209810585,46.98441196863433,0.6356671819320092,9.064492714697497e-05,2666.67822265625,936,4.354842653641334,0.40972533936683947,0.6938394155257788,4.066652579949452,2496,0.5695197610900953,0.007659234051318027,117,0.07350058700793828,global_seeded_cross_subject_permutation_v1,1872,complete,80,1872,0.6992728623569521,47.3615608215332,0.12333739797274272,0.535999059677124,[],0.5660536161854736,13.57425308227539,11.46157169342041,8.729239463806152,0.0,context_encoder_final_norm_full_view_mean_pool,true,0.0732813851752629,0.6990602606907487,0.5662467634150137
b02-mask-light-clip-var,phase1,24,0.9924980764298538,25,26.33790588285774,94.76835444326437,0.6144283704268627,8.966413694254544e-05,2680.42724609375,975,4.334836330933449,0.41062624026567507,0.6947381332134589,4.034743548203737,2496,0.5685521081472055,0.007118672783223865,,,,,,,,,,,,,,,,,,,,,,
b02-mask-light-clip-var,phase1,25,0.9925981020774558,26,53.27392785996199,46.852186430876415,0.5827548480950869,8.864040551740158e-05,2719.05615234375,1014,4.342941549343941,0.40970803653964627,0.6939101964235306,4.021176999196028,2496,0.5689069877068201,0.006512392564521481,117,0.07682033574097177,global_seeded_cross_subject_permutation_v1,1872,complete,80,1872,0.6974671559456067,51.40541458129883,0.13386826713879904,0.5366877317428589,[],0.5668241239001608,13.294410705566406,11.46194839477539,8.487801551818848,0.0,context_encoder_final_norm_full_view_mean_pool,true,0.07661943313044808,0.6972772953100502,0.5670011868234722
b02-mask-light-clip-var,phase1,26,0.9926981277250577,27,26.28995492309332,94.94120500782952,0.6008562208750309,8.757485533409488e-05,2616.32275390625,1053,4.35928890032646,0.4088670776631588,0.692207898467015,4.025045427756432,2496,0.5698115164652849,0.006255930774689962,,,,,,,,,,,,,,,,,,,,,,
b02-mask-light-clip-var,phase1,27,0.9927981533726596,28,52.722628036513925,47.34210135108125,0.5963018307319055,8.646865470703685e-05,2625.85986328125,1092,4.346943574838149,0.40888135756055516,0.6928399012256892,4.00086419398968,2496,0.5692284579078356,0.0059453373362954995,117,0.08207123927198924,global_seeded_cross_subject_permutation_v1,1872,complete,80,1872,0.6980925681244614,52.15953826904297,0.13583213090896606,0.5421261191368103,[],0.565745608928876,13.805837631225586,11.66480541229248,9.140509605407715,0.0,context_encoder_final_norm_full_view_mean_pool,true,0.08191880608598393,0.6979729222444196,0.5658700014154114
b02-mask-light-clip-var,phase1,28,0.9928981790202616,29,26.09906153101474,95.63562264619691,0.5797487153456762,8.532301652150948e-05,2716.63720703125,1131,4.358420521020889,0.40731536033443916,0.6917933372732921,3.99259829444763,2496,0.569656226115349,0.005458639974956616,,,,,,,,,,,,,,,,,,,,,,
b02-mask-light-clip-var,phase1,29,0.9929982046678636,30,53.285304540768266,46.842183253176785,0.5819561466192588,8.413919690380651e-05,2695.15087890625,1170,4.369257104702485,0.4069356500911407,0.6932092045362179,3.9901518042270956,2496,0.5685037022981888,0.005198350087411176,117,0.08584956856619598,global_seeded_cross_subject_permutation_v1,1872,complete,80,1872,0.6984834085162889,56.112388610839844,0.14612601200739542,0.5356209874153137,[],0.5651453682500073,13.623290061950684,11.524632453918457,9.127283096313477,0.0,context_encoder_final_norm_full_view_mean_pool,true,0.08564594082223871,0.6983246579145391,0.5653012021444738
b02-mask-light-clip-var,phase1,30,0.9930982303154655,31,25.93453949317336,96.2423104006536,0.5835113983887893,8.291849384396313e-05,2710.93603515625,1209,4.360478518100885,0.4070459860257613,0.6924127550461353,3.9717091406003022,2496,0.5687627089329255,0.004995021807889526,,,,,,,,,,,,,,,,,,,,,,
b02-mask-light-clip-var,phase1,31,0.9931982559630674,32,53.80747298989445,46.387608659279955,0.5784823596477509,8.166224577258481e-05,2678.83740234375,1248,4.365801931191713,0.4065104064842065,0.6925315220768635,3.9663937588532767,2496,0.5684462012006686,0.004627298761475593,117,0.08655129860226925,global_seeded_cross_subject_permutation_v1,1872,complete,80,1872,0.6980340404388232,53.582340240478516,0.13953734437624613,0.5489761233329773,[],0.5649664758617042,13.61100959777832,11.681726455688477,9.37830638885498,0.0,context_encoder_final_norm_full_view_mean_pool,true,0.08639579334606728,0.6978967645515997,0.5651083570284147
b02-mask-light-clip-var,phase1,32,0.9932982816106694,33,25.848974654451013,96.56089006881386,0.5735791447835091,8.037183009333509e-05,2651.50732421875,1287,4.381068020294874,0.4048562080432207,0.6932018815706937,3.9654882840621166,2496,0.5678249062635959,0.004441300166758875,,,,,,,,,,,,,,,,,,,,,,
b02-mask-light-clip-var,phase1,33,0.9933983072582714,34,54.133185968734324,46.10849990321304,0.5415409879806714,7.904866167269186e-05,2594.80517578125,1326,4.37893411440727,0.40452251449609417,0.6938573878545028,3.9534659133507657,2496,0.5671177139649024,0.004004742694236577,117,0.09270113101627073,global_seeded_cross_subject_permutation_v1,1872,complete,80,1872,0.6973982539951292,59.12798309326172,0.1539791226387024,0.5459645390510559,[],0.5650573067176037,13.7204008102417,11.680551528930664,9.015799522399902,0.0,context_encoder_final_norm_full_view_mean_pool,true,0.09247179538942871,0.6972516207024456,0.5652026546963801
b02-mask-light-clip-var,phase1,34,0.9934983329058733,35,26.420500172302127,94.4720949157759,0.5536508575463907,7.769419128862778e-05,2618.24267578125,1365,4.390737682580948,0.4038185742803109,0.6914604348249924,3.955387470813898,2496,0.568779322772454,0.0039030088978156876,,,,,,,,,,,,,,,,,,,,,,
b02-mask-light-clip-var,phase1,35,0.9935983585534752,36,54.1805754089728,46.068170763403145,0.5460928563888257,7.630990403991567e-05,2673.86767578125,1404,4.390559322558916,0.4041185603500941,0.6935894636389537,3.946068999859003,2496,0.5670126391909062,0.003652881492132273,117,0.09251469940456569,global_seeded_cross_subject_permutation_v1,1872,complete,80,1872,0.6998739048965976,60.85287094116211,0.158471018075943,0.5548060536384583,[],0.5627711792277474,13.870146751403809,11.818501472473145,9.46612548828125,0.0,context_encoder_final_norm_full_view_mean_pool,true,0.09226338214551408,0.6997267776479322,0.5629197530914096
b02-mask-light-clip-var,phase1,36,0.9936983842010771,37,26.593686836771667,93.8568621688335,0.5406257441410651,7.489731771780334e-05,2639.30712890625,1443,4.40245195153432,0.40324574794906837,0.6922237261747702,3.9481717271682544,2496,0.5679533263811698,0.00345179694182335,,,,,,,,,,,,,,,,,,,,,,
b02-mask-light-clip-var,phase1,37,0.9937984098486792,38,54.0281265117228,46.198159387563216,0.5203539637418894,7.345798114184286e-05,2678.80419921875,1482,4.408927700458428,0.4030683108438284,0.6921393764324677,3.9484743552330213,2496,0.5676983109651468,0.0033766962009488055,117,0.0944525448557658,global_seeded_cross_subject_permutation_v1,1872,complete,80,1872,0.6975637124134944,61.244781494140625,0.15949161847432455,0.5503671169281006,[],0.5641428736539987,13.299262046813965,11.567239761352539,9.263733863830566,0.0,context_encoder_final_norm_full_view_mean_pool,true,0.09420879374568657,0.697400021428863,0.5643054762855174
b02-mask-light-clip-var,phase1,38,0.9938984354962811,39,25.823147194460034,96.6574670857888,0.5170612801343967,7.199347246169904e-05,2743.55224609375,1521,4.407665725701895,0.40240552696662074,0.6931452477971712,3.935280827375559,2496,0.5669121226439109,0.0031058430606021713,,,,,,,,,,,,,,,,,,,,,,
b02-mask-light-clip-var,phase1,39,0.993998461143883,40,53.78814433328807,46.4042779489474,0.504797386053281,7.050539742679939e-05,2655.57275390625,1560,4.3993654403931055,0.4025826037694246,0.6933058292055742,3.9220802119145026,2496,0.5667274334491827,0.003002411970579161,117,0.09642178711728153,global_seeded_cross_subject_permutation_v1,1872,complete,80,1872,0.6988549904945569,62.47867202758789,0.16270487507184347,0.5558914542198181,[],0.563018264933529,13.761503219604492,11.791783332824707,9.683709144592285,0.0,context_encoder_final_norm_full_view_mean_pool,true,0.09620904171218478,0.6987670299597083,0.5631235116006184
b02-mask-light-clip-var,phase1,40,0.9940984867914849,41,25.55526669509709,97.67066921195037,0.48636449988071734,6.899538762572213e-05,2731.99267578125,1599,4.4136132177634115,0.4014820846227499,0.6943679203589758,3.928681736573195,2496,0.5656538300025158,0.0028445918929393,,,,,,,,,,,,,,,,,,,,,,
b02-mask-light-clip-var,phase1,41,0.994198512439087,42,54.37422551680356,45.904102104932925,0.5016060731349847,6.746509869725345e-05,2637.95263671875,1638,4.413335750500361,0.4015411916069495,0.694768970975509,3.92263885644766,2496,0.5651898449048017,0.002776482190268162,117,0.09964179387714109,global_seeded_cross_subject_permutation_v1,1872,complete,80,1872,0.7018028385618813,65.34007263183594,0.1701564391454061,0.5554295182228088,[],0.5605432589848837,13.683449745178223,11.679852485656738,9.205705642700195,0.0,context_encoder_final_norm_full_view_mean_pool,true,0.09942960023569562,0.7016772864075997,0.5606795949550966
b02-mask-light-clip-var,phase1,42,0.9942985380866889,43,26.2438334049657,95.10805687128475,0.48193099330633116,6.591620851507485e-05,2684.25341796875,1677,4.416715215413999,0.4009380536392713,0.6935288254649211,3.9170923706812735,2496,0.5661025014825356,0.002574932795444814,,,,,,,,,,,,,,,,,,,,,,
b02-mask-light-clip-var,phase1,43,0.9943985637342908,44,54.21831522136927,46.03610403253995,0.5087990990051856,6.435041534807124e-05,2632.49365234375,1716,4.434680559696296,0.40006022203045016,0.69530217979963,3.9284995771371403,2496,0.5646708588569592,0.002544324201806329,117,0.0997000564622064,global_seeded_cross_subject_permutation_v1,1872,complete,80,1872,0.6998448830384475,65.48058319091797,0.17052235205968222,0.555086076259613,[],0.5619270042476491,13.730478286743164,11.770028114318848,8.94590950012207,0.0,context_encoder_final_norm_full_view_mean_pool,true,0.09950143791114288,0.6997425714197258,0.5620482087290536
b02-mask-light-clip-var,phase1,44,0.9944985893818928,45,26.13072223495692,95.51974788744735,0.47976954166705793,6.276943599827701e-05,2645.14306640625,1755,4.4230208068321915,0.4005258174087757,0.6936754295841242,3.912151758487408,2496,0.5657086689502765,0.00243156409963446,,,,,,,,,,,,,,,,,,,,,,
b02-mask-light-clip-var,phase1,45,0.9945986150294948,46,53.976471482776105,46.242370637296546,0.4763850332834782,6.11750039185014e-05,2639.77880859375,1794,4.429841918058885,0.3999918240767259,0.6935790288142669,3.9116012820830712,2496,0.565743547028456,0.0023380948901504804,117,0.10290359909463133,global_seeded_cross_subject_permutation_v1,1872,complete,80,1872,0.7017914724146199,66.40375518798828,0.17292644580205283,0.5549874901771545,[],0.5599378194564428,13.707987785339355,11.827169418334961,9.47317123413086,0.0,context_encoder_final_norm_full_view_mean_pool,true,0.1026337454561144,0.7016889275672533,0.5600633938175937
b02-mask-light-clip-var,phase1,46,0.9946986406770967,47,25.96055247168988,96.14587373369274,0.4843830955334199,5.9568867311697304e-05,2703.15380859375,1833,4.424643307924271,0.40029941499233246,0.6928697650631269,3.903991345411692,2496,0.5662419484593929,0.002179948308763321,,,,,,,,,,,,,,,,,,,,,,
b02-mask-light-clip-var,phase1,47,0.9947986663246986,48,54.55951614677906,45.74820629429926,0.49175597230593365,5.7952787214157505e-05,2634.91162109375,1872,4.437968720228244,0.39974046871066093,0.6947558978811289,3.9087375608774333,2496,0.5647116291981477,0.0021590796276518046,117,0.10159778747803126,global_seeded_cross_subject_permutation_v1,1872,complete,80,1872,0.701755132430639,66.78837585449219,0.1739280621210734,0.5594163537025452,[],0.5599299276995863,13.549219131469727,11.782208442687988,9.34317398071289,0.0,context_encoder_final_norm_full_view_mean_pool,true,0.10140983668776848,0.7016862882922092,0.5600273674353956
b02-mask-light-clip-var,phase1,48,0.9948986919723006,49,26.13771647401154,95.49418758451017,0.45469319438322997,5.632853556463969e-05,2612.93310546875,1911,4.438319090085152,0.39935638564519393,0.6954701432050803,3.9046974243261876,2496,0.563888977926511,0.00206186222725918,,,,,,,,,,,,,,,,,,,,,,
b02-mask-light-clip-var,phase1,49,0.9949987176199026,50,54.1120239244774,46.126531942024485,0.4894405870865553,5.469789326153771e-05,2662.92138671875,1950,4.438454932127243,0.3992905860336927,0.6937204232582679,3.9005195108743815,2496,0.5652492407422799,0.0019787490792879956,117,0.10222902422786778,global_seeded_cross_subject_permutation_v1,1872,complete,80,1872,0.7002327284242353,67.56788635253906,0.1759580373764038,0.560247004032135,[],0.5609823613085299,13.597273826599121,11.827584266662598,9.673504829406738,0.0,context_encoder_final_norm_full_view_mean_pool,true,0.10197190561642251,0.70015374791498,0.561086414878567
b02-mask-light-clip-var,phase1,50,0.9950987432675045,51,25.686995236203074,97.16979261483083,0.4579612887822665,5.3062648210229045e-05,2606.70458984375,1989,4.442349442304709,0.39925366449050415,0.6957578731653018,3.8995310175113187,2496,0.5637002125000342,0.0019067482638862343,,,,,,,,,,,,,,,,,,,,,,
b02-mask-light-clip-var,phase1,51,0.9951987689151064,52,53.37858740705997,46.760323216606395,0.4682395672186827,5.14245933627395e-05,2730.57666015625,2028,4.4479719415689125,0.39860438756071603,0.6959419512213805,3.899777346696609,2496,0.5634520252545675,0.001807872448318029,117,0.10499658594783555,global_seeded_cross_subject_permutation_v1,1872,complete,80,1872,0.7013663990884764,65.85376739501953,0.17149418592453003,0.5698742866516113,[],0.5598284082534986,13.69282341003418,11.980591773986816,9.84628677368164,0.0,context_encoder_final_norm_full_view_mean_pool,true,0.10480824504047632,0.7013721893541517,0.5598688849403214
b02-mask-light-clip-var,phase1,52,0.9952987945627084,53,25.78173239249736,96.81273399324985,0.4460554054150215,4.9785524751874595e-05,2729.26025390625,2067,4.456495074125437,0.3982250387660968,0.6964411716430615,3.9021265789484367,2496,0.5630026050867178,0.0017917979762737209,,,,,,,,,,,,,,,,,,,,,,
b02-mask-light-clip-var,phase1,53,0.9953988202103103,54,54.20891549345106,46.044086609730094,0.46381325217393726,4.814723952197297e-05,2645.58935546875,2106,4.4499227947149524,0.39807537169410634,0.6962471338800895,3.8950457779260783,2496,0.5631153862445782,0.0017182920777346366,117,0.10467081389620773,global_seeded_cross_subject_permutation_v1,1872,complete,80,1872,0.7036867162101289,69.16728210449219,0.1801231304804484,0.5593598484992981,[],0.5578105760435773,13.450114250183105,11.670797348022461,9.355942726135254,0.0,context_encoder_final_norm_full_view_mean_pool,true,0.1044524823781103,0.703657745104283,0.5578794951085
b02-mask-light-clip-var,phase1,54,0.9954988458579123,55,25.859502437524498,96.52157871290193,0.44934610143685955,4.65115339584412e-05,2666.36376953125,2145,4.444185354770759,0.39823930500409543,0.6962465731761395,3.887028137842814,2496,0.5629033660277342,0.0016664485053460782,,,,,,,,,,,,,,,,,,,,,,
b02-mask-light-clip-var,phase1,55,0.9955988715055142,56,53.68254071287811,46.495563862185556,0.4306517166969104,4.488020151823022e-05,2619.65185546875,2184,4.4625995098016205,0.3976489845185708,0.6947852264230068,3.8990469513795314,2496,0.5639101433066221,0.0016173611319316432,117,0.10618519362730858,global_seeded_cross_subject_permutation_v1,1872,complete,80,1872,0.7021253720307962,67.98025512695312,0.1770319143931071,0.5636928081512451,[],0.5589508404079665,13.670215606689453,11.825790405273438,9.697279930114746,0.0,context_encoder_final_norm_full_view_mean_pool,true,0.1059303463436663,0.7020870675953725,0.5590245877703031
b02-mask-light-clip-var,phase1,56,0.9956988971531162,57,25.925087736919522,96.27739837676555,0.4464384859953171,4.3255030863413094e-05,2722.63818359375,2223,4.448722582596999,0.3978936726657244,0.696787494306381,3.8839509647626143,2496,0.562317373851935,0.001535789603598786,,,,,,,,,,,,,,,,,,,,,,
b02-mask-light-clip-var,phase1,57,0.9957989228007181,58,53.65275051165372,46.52138010068753,0.43467268653405017,4.1637803900020074e-05,2658.83642578125,2262,4.469388087590535,0.39700141520454335,0.6969708062899418,3.8973955680162478,2496,0.5622217469872572,0.0014927247904826147,117,0.10571264220863326,global_seeded_cross_subject_permutation_v1,1872,complete,80,1872,0.7017363793829567,71.45162200927734,0.18607193231582642,0.5575546026229858,[],0.5591743782035306,13.338603973388672,11.733667373657227,9.382257461547852,0.0,context_encoder_final_norm_full_view_mean_pool,true,0.10550829955997569,0.7017243740148843,0.5592269259039312
b02-mask-light-clip-var,phase1,58,0.99589894844832,59,25.64968124870211,97.31115080138859,0.43666316683475787,4.003029382428121e-05,2670.39990234375,2301,4.449049106775186,0.3979879118120059,0.6960664263520485,3.8814828456976476,2496,0.5627430398494769,0.0014957332418700203,,,,,,,,,,,,,,,,,,,,,,
b02-mask-light-clip-var,phase1,59,0.995998974095922,60,53.70301776845008,46.47783502152409,0.44908428268554884,3.843426317841885e-05,2692.45166015625,2340,4.466293327319316,0.39701862671436405,0.696127519202538,3.890224520976727,2496,0.5626901027101737,0.0014389829781206432,117,0.10653394906439333,global_seeded_cross_subject_permutation_v1,1872,complete,80,1872,0.7036103555279919,70.71943664550781,0.1841651995976766,0.5647359490394592,[],0.5575039188067118,13.590825080871582,11.830046653747559,9.424501419067383,0.0,context_encoder_final_norm_full_view_mean_pool,true,0.10630876384675503,0.7035959759727117,0.5575576889328658
b02-mask-light-clip-var,phase1,60,0.996098999743524,61,26.057880964130163,95.78676038300488,0.4381331136593452,3.685146191812156e-05,2737.35986328125,2379,4.473264613212684,0.39669299268951785,0.6956623343703074,3.894506870936125,2496,0.5629234644464958,0.0013897145134904303,,,,,,,,,,,,,,,,,,,,,,
b02-mask-light-clip-var,phase1,61,0.9961990253911259,62,53.49807112850249,46.65588772358918,0.4359502906982715,3.528362549381854e-05,2751.17333984375,2418,4.471467442237413,0.3963057790429164,0.6975859157167948,3.889603077601164,2496,0.5614725620700762,0.0013812243297975212,117,0.10688595320933904,global_seeded_cross_subject_permutation_v1,1872,complete,80,1872,0.7018541209718101,71.056640625,0.1850433349609375,0.5612761974334717,[],0.558859668735765,13.468071937561035,11.863265991210938,9.592369079589844,0.0,context_encoder_final_norm_full_view_mean_pool,true,0.10667902145845191,0.7018417303139965,0.558912072191015
b02-mask-light-clip-var,phase1,62,0.9962990510387278,63,29.143666121177375,85.64468140767885,0.42453615329204464,3.373247294785808e-05,2666.69580078125,2457,4.470947091396038,0.3960313356648653,0.6961107301788453,3.8850225179623337,2496,0.5624925853350223,0.0013287722506972316,,,,,,,,,,,,,,,,,,,,,,
b02-mask-light-clip-var,phase1,63,0.9963990766863299,64,53.14425248093903,46.9665087658393,0.4152715015105712,3.219970502967676e-05,2761.39404296875,2496,4.470774724697455,0.396361954892293,0.6969507243006657,3.886792386953647,2496,0.5617718771100044,0.0012926566833369017,117,0.10897438056193866,global_seeded_cross_subject_permutation_v1,1872,complete,80,1872,0.7042443125675886,72.60734558105469,0.18908162911732992,0.5622629523277283,[],0.5567693486172929,13.60090160369873,11.805635452270508,9.799612998962402,0.0,context_encoder_final_norm_full_view_mean_pool,true,0.1087318996588389,0.7041855783512195,0.5568623246314623
b02-mask-light-clip-var,phase1,64,0.9964991023339318,65,25.10977196600288,99.40353115828505,0.4103564543601794,3.068700233102551e-05,2761.82568359375,2535,4.454575110704471,0.39704320952296257,0.6968979474443656,3.8705264131228128,2496,0.561727300286293,0.0013081635194957459,,,,,,,,,,,,,,,,,,,,,,
b02-mask-light-clip-var,phase1,65,0.9965991279815337,66,53.90333643835038,46.3051114257963,0.41408897363222563,2.9196023443297586e-05,2607.45849609375,2574,4.481351875341856,0.39545430835240925,0.6996048398506947,3.888335188229879,2496,0.5595801086762012,0.001292515299353862,117,0.10867390112999158,global_seeded_cross_subject_permutation_v1,1872,complete,80,1872,0.7046001910144447,71.53360748291016,0.18628543615341187,0.562739908695221,[],0.5563546031968206,13.423530578613281,11.745847702026367,9.548256874084473,0.0,context_encoder_final_norm_full_view_mean_pool,true,0.10847160463842258,0.7045521376654504,0.5564369110856203
b02-mask-light-clip-var,phase1,66,0.9966991536291356,67,25.563991795293987,97.6373337930535,0.40012668722715133,2.7728403138978678e-05,2718.83154296875,2613,4.481746051556025,0.39535648050980693,0.6976452479377772,3.886384686598411,2496,0.5610117627642094,0.0012548525635979902,,,,,,,,,,,,,,,,,,,,,,
b02-mask-light-clip-var,phase1,67,0.9967991792767377,68,53.80883442237973,46.38643499331931,0.41171504442508405,2.628575057921294e-05,2665.31298828125,2652,4.452628069963211,0.3965009385958696,0.698209322988987,3.8640594436572147,2496,0.5605334249826578,0.0011947056805067218,117,0.11068286759476377,global_seeded_cross_subject_permutation_v1,1872,complete,80,1872,0.7039717527536246,72.35028839111328,0.1884122093518575,0.5675927996635437,[],0.5567652430289831,13.469016075134277,11.863382339477539,9.656743049621582,0.0,context_encoder_final_norm_full_view_mean_pool,true,0.11044973513732356,0.703913284714023,0.556855139384667
b02-mask-light-clip-var,phase1,68,0.9968992049243396,69,25.297315530478954,98.66659555211483,0.39739438050832504,2.4869647549450498e-05,2671.76611328125,2691,4.481030926490441,0.3954196320130275,0.6983283330232669,3.8843233715265226,2496,0.5603635314947519,0.0012011109399445092,,,,,,,,,,,,,,,,,,,,,,
b02-mask-light-clip-var,phase1,69,0.9969992305719415,70,53.39237556885928,46.748247730257845,0.41246825074538207,2.3481646725110806e-05,2720.16748046875,2730,4.490935872762631,0.3948777491847674,0.6981282751911726,3.8913128406573563,2496,0.5604200829298068,0.0011586566803229149,117,0.11135703204279272,global_seeded_cross_subject_permutation_v1,1872,complete,80,1872,0.7046501784243135,72.3620834350586,0.18844292561213175,0.5674356818199158,[],0.5561089393420097,13.533181190490723,11.806154251098633,9.41992473602295,0.0,context_encoder_final_norm_full_view_mean_pool,true,0.11113546766961617,0.7045678559380273,0.5562169354408979
b02-mask-light-clip-var,phase1,70,0.9970992562195434,71,25.235155659727752,98.90963359434764,0.41556818592242706,2.2123269969163515e-05,2761.73779296875,2769,4.481966845500163,0.3954682353024299,0.6985296521049279,3.882557214070589,2496,0.5601153946839846,0.0011507512610525084,,,,,,,,,,,,,,,,,,,,,,
b02-mask-light-clip-var,phase1,71,0.9971992818671455,72,54.15520927961916,46.089748949402505,0.4064553800301674,2.079600666349326e-05,2740.69970703125,2808,4.477590377514179,0.39534826423877323,0.6983803971073567,3.876778394748003,2496,0.5601903950938811,0.0011212763317580072,117,0.11134401358600356,global_seeded_cross_subject_permutation_v1,1872,complete,80,1872,0.7058012286822001,73.77571868896484,0.1921242674191793,0.5631183385848999,[],0.5551457303202051,13.426417350769043,11.740325927734375,9.466371536254883,0.0,context_encoder_final_norm_full_view_mean_pool,true,0.11110441009514034,0.7057561852658792,0.5552255439416816
b02-mask-light-clip-var,phase1,72,0.9972993075147474,73,26.067937545478344,95.74980742705316,0.40584493447572756,1.9501312075878267e-05,2712.13232421875,2847,4.475127278994291,0.3953744408029776,0.6978528906519597,3.871987378750092,2496,0.5606004251883581,0.0011090619817155246,,,,,,,,,,,,,,,,,,,,,,
b02-mask-light-clip-var,phase1,73,0.9973993331623493,74,53.94380943104625,46.270369599879956,0.40570395191510517,1.8240605764373045e-05,2676.87646484375,2886,4.485782546110642,0.3945686114140046,0.6983711593426191,3.8830644404276824,2496,0.5601057765575556,0.0011125428502101642,117,0.11239699707326727,global_seeded_cross_subject_permutation_v1,1872,complete,80,1872,0.7046707990841988,73.56245422363281,0.1915688912073771,0.5675570368766785,[],0.5559484087503873,13.461726188659668,11.819177627563477,9.73713207244873,0.0,context_encoder_final_norm_full_view_mean_pool,true,0.11214261956823365,0.7046006329047183,0.5560493826090048
b02-mask-light-clip-var,phase1,74,0.9974993588099512,75,24.851857461966574,100.43514871352745,0.3897077211966881,1.701527002084471e-05,2649.88623046875,2925,4.481935017384016,0.39476375367779,0.7000221227988218,3.8762758932052512,2496,0.5588218556382717,0.0010558773495946438,,,,,,,,,,,,,,,,,,,,,,
b02-mask-light-clip-var,phase1,75,0.9975993844575533,76,53.45385958626866,46.69447668173951,0.3769470025331546,1.5826648355369542e-05,2620.96435546875,2964,4.474159998771472,0.39488479752953237,0.698774051398803,3.8675262331962585,2496,0.5598133989633658,0.001059519989865247,117,0.11302354696214709,global_seeded_cross_subject_permutation_v1,1872,complete,80,1872,0.7056894577466525,74.71559143066406,0.194571852684021,0.5654751062393188,[],0.5551499856842889,13.302299499511719,11.79643440246582,9.746501922607422,0.0,context_encoder_final_norm_full_view_mean_pool,true,0.11280922574612,0.7056206542688112,0.5552447207737715
b02-mask-light-clip-var,phase1,76,0.9976994101051552,77,25.407172665931284,98.23997470395082,0.3907588292390872,1.467604402315164e-05,2707.05126953125,3003,4.486782343723835,0.3948181146421494,0.6985535048521482,3.880722991931133,2496,0.5600051876062002,0.0010423802721514874,,,,,,,,,,,,,,,,,,,,,,
b02-mask-light-clip-var,phase1,77,0.9977994357527571,78,53.304425014182925,46.82538080723841,0.3925787072915297,1.3564718595578532e-05,2794.83935546875,3042,4.474177273420187,0.3950200660679585,0.6983373715327337,3.8665565940049977,2496,0.5600627259566233,0.0010174293852170918,117,0.11183748477035099,global_seeded_cross_subject_permutation_v1,1872,complete,80,1872,0.704853503113119,75.17867279052734,0.19577779372533163,0.5666521191596985,[],0.5557413666676252,13.373046875,11.820554733276367,9.800999641418457,0.0,context_encoder_final_norm_full_view_mean_pool,true,0.11160851682846744,0.7047909032553434,0.5558328016661108
b02-mask-light-clip-var,phase1,78,0.997899461400359,79,25.965368773788214,96.12803968798963,0.38609566673254353,1.2493890576980873e-05,2643.55029296875,3081,4.5012830793857574,0.3940841117157386,0.6971231387593807,3.8894778482424908,2496,0.5609062174573923,0.0010093785659148872,,,,,,,,,,,,,,,,,,,,,,
b02-mask-light-clip-var,phase1,79,0.997999487047961,80,54.08936514519155,46.145854980919296,0.381806139762585,1.1464734068612605e-05,2734.87353515625,3120,4.479702258721376,0.39494219068915415,0.6982374796882654,3.8704918936277046,2496,0.5601202559012634,0.0010042390374739906,117,0.11262230269419841,global_seeded_cross_subject_permutation_v1,1872,complete,80,1872,0.7050690768111465,74.74434661865234,0.19464673598607382,0.5641582012176514,[],0.5555513689660618,13.451964378356934,11.783869743347168,9.616183280944824,0.0,context_encoder_final_norm_full_view_mean_pool,true,0.11238860107647874,0.7050015293993058,0.5556472844909878
b02-mask-light-clip-var,phase1,80,0.998099512695563,81,25.154063523747027,99.2285003034845,0.3729123037595015,1.0478377481316536e-05,2672.74267578125,3159,4.483818216201587,0.39463602273892134,0.6982219671973815,3.8726044228443732,2496,0.5601192355538026,0.0009775020802268186,,,,,,,,,,,,,,,,,,,,,,
b02-mask-light-clip-var,phase1,81,0.9981995383431649,82,53.91035879123956,46.299079730955164,0.37293923512483257,9.535902298286847e-06,2631.46826171875,3198,4.485886965806667,0.3943785621951788,0.6994121546546618,3.8725950656793056,2496,0.5590722606732295,0.0009763606440407248,117,0.11203822302512634,global_seeded_cross_subject_permutation_v1,1872,complete,80,1872,0.7054552863805722,75.09469604492188,0.19555910428365073,0.5634609460830688,[],0.5551998880174425,13.329610824584961,11.746156692504883,9.713393211364746,0.0,context_encoder_final_norm_full_view_mean_pool,true,0.11181716433105371,0.7053791075634459,0.5553007726402333
b02-mask-light-clip-var,phase1,82,0.9982995639907669,83,25.506752155721188,97.85644149289094,0.3635290807638413,8.638341889285072e-06,2695.34033203125,3237,4.4784450225341015,0.39421564646256274,0.699006339487357,3.864695600210092,2496,0.5593907443376688,0.0009515998916378102,,,,,,,,,,,,,,,,,,,,,,
b02-mask-light-clip-var,phase1,83,0.9983995896383688,84,54.365841954015195,45.91118081296739,0.3703714227065062,7.786680377609617e-06,2636.59423828125,3276,4.478678111082468,0.3942481366296609,0.7001012733731514,3.864256507311112,2496,0.5585825049724334,0.0009330940114849886,117,0.11385946574374142,global_seeded_cross_subject_permutation_v1,1872,complete,80,1872,0.7060740223297706,75.1878890991211,0.19580179452896118,0.5655511617660522,[],0.554661562300136,13.404242515563965,11.772104263305664,9.79581069946289,0.0,context_encoder_final_norm_full_view_mean_pool,true,0.11363247249585887,0.7060045065047842,0.5547579130002609
b02-mask-light-clip-var,phase1,84,0.9984996152859708,85,24.97452838718891,99.94182718102351,0.3650594651699066,6.981851561061257e-06,2664.33740234375,3315,4.495021906418678,0.3937941196446235,0.6983865027626356,3.877296044276311,2496,0.5598507502522224,0.0009745824860053686,,,,,,,,,,,,,,,,,,,,,,
b02-mask-light-clip-var,phase1,85,0.9985996409335727,86,53.538824080489576,46.6203739597931,0.3746171242151505,6.2247378880876434e-06,2758.42919921875,3354,4.499947258295157,0.39332731364247125,0.6983615587919186,3.8822668301753507,2496,0.5599280131550936,0.0009385024991038685,117,0.11356063550099349,global_seeded_cross_subject_permutation_v1,1872,complete,80,1872,0.7051568372636778,75.26719665527344,0.1960083246231079,0.5643516778945923,[],0.5553911292654836,13.292705535888672,11.752309799194336,9.683550834655762,0.0,context_encoder_final_norm_full_view_mean_pool,true,0.11333255236968398,0.705083392156909,0.5554895418385666
b02-mask-light-clip-var,phase1,86,0.9986996665811747,87,25.197831402532756,99.0561433691121,0.3612906168668698,5.516169490229411e-06,2671.57177734375,3393,4.500304160973965,0.39350500530921495,0.6996608844552284,3.8806913770162144,2496,0.5587617447360967,0.0009271702550997874,,,,,,,,,,,,,,,,,,,,,,
b02-mask-light-clip-var,phase1,87,0.9987996922287766,88,54.33478369936347,45.937424059888926,0.3543775524848547,4.856923271928705e-06,2773.69873046875,3432,4.467870099422259,0.3947253451706507,0.6991374462078779,3.8532764460795965,2496,0.5592022966115903,0.0009242775253929162,117,0.11337974546556799,global_seeded_cross_subject_permutation_v1,1872,complete,80,1872,0.7051318751441108,75.51902770996094,0.1966641346613566,0.5637134909629822,[],0.5553691697935773,13.361104011535645,11.737183570861816,9.475495338439941,0.0,context_encoder_final_norm_full_view_mean_pool,true,0.11314974082633851,0.7050610481450954,0.5554671078920366
b02-mask-light-clip-var,phase1,88,0.9988997178763785,89,24.93886122573167,100.08476238781311,0.35843129799916196,4.247722058698223e-06,2684.63037109375,3471,4.506557934559309,0.39314238096659,0.6980343568019378,3.883784002218491,2496,0.5601066830448616,0.0009658556456344788,,,,,,,,,,,,,,,,,,,,,,
b02-mask-light-clip-var,phase1,89,0.9989997435239805,90,53.60638110432774,46.5616209969916,0.35750655027536243,3.689233804584682e-06,2656.86181640625,3510,4.494302473771266,0.393760010218009,0.6996350546295826,3.873580668981259,2496,0.5588754933231916,0.0008993304722818534,117,0.11323265113636978,global_seeded_cross_subject_permutation_v1,1872,complete,80,1872,0.7055158752661485,75.89797973632812,0.19765098889668783,0.5627973675727844,[],0.5550142903613229,13.310932159423828,11.69730281829834,9.750232696533203,0.0,context_encoder_final_norm_full_view_mean_pool,true,0.11300562326796353,0.7054434210372468,0.5551136780219774
b02-mask-light-clip-var,phase1,90,0.9990997691715825,91,25.4975788006559,97.89164765463114,0.3622846335936815,3.182070859795651e-06,2697.78857421875,3549,4.47469578950833,0.3948351346338407,0.6976104734035639,3.8583437150869613,2496,0.5604064019444661,0.0009296014402188563,,,,,,,,,,,,,,,,,,,,,,
b02-mask-light-clip-var,phase1,91,0.9991997948191844,92,53.92736441921443,46.28447963072844,0.3515217892634563,2.7267892992928275e-06,2650.56689453125,3588,4.502782875910784,0.3935691013168066,0.6964431282801505,3.881707950280263,2496,0.5612833767365186,0.0009064747949499482,117,0.11374139454629686,global_seeded_cross_subject_permutation_v1,1872,complete,80,1872,0.7051591761091835,75.9161148071289,0.19769821564356485,0.5632773637771606,[],0.555315525103838,13.308016777038574,11.708429336547852,9.637405395507812,0.0,context_encoder_final_norm_full_view_mean_pool,true,0.11351179921378692,0.705085383572926,0.555415617581457
b02-mask-light-clip-var,phase1,92,0.9992998204667863,93,25.183537993580103,99.11236461835867,0.34687878306095415,2.32388831308788e-06,2726.08935546875,3627,4.461085220177968,0.3946262930448239,0.6985788693030676,3.8466626581473227,2496,0.5596179075730152,0.0008753543709015223,,,,,,,,,,,,,,,,,,,,,,
b02-mask-light-clip-var,phase1,93,0.9993998461143883,94,54.17790615744889,46.07044046232168,0.3490617351654248,1.9738096589092998e-06,2693.87451171875,3666,4.4875658345528135,0.39359391222779566,0.6976746876652424,3.867218555548252,2496,0.5602129695889277,0.0008782681933763132,117,0.1134872966979304,global_seeded_cross_subject_permutation_v1,1872,complete,80,1872,0.7051893681542486,76.08448028564453,0.19813666741053262,0.5645443797111511,[],0.5552883978582855,13.304323196411133,11.735127449035645,9.71546745300293,0.0,context_encoder_final_norm_full_view_mean_pool,true,0.11326043205335734,0.7051175774385532,0.5553873863071205
b02-mask-light-clip-var,phase1,94,0.9994998717619903,95,25.190543182194233,99.08480265579509,0.3519921249304062,1.6769371778405413e-06,2657.82275390625,3705,4.478326224363768,0.39407404703207505,0.6971468694317036,3.861013983304684,2496,0.5607887168343251,0.0009092936558702674,,,,,,,,,,,,,,,,,,,,,,
b02-mask-light-clip-var,phase1,95,0.9995998974095922,96,53.821483325213194,46.37553344485258,0.3419192433357239,1.4335963734603588e-06,2713.52001953125,3744,4.5026329434834995,0.3931383878374711,0.6986279730231334,3.877837440142265,2496,0.5596377538182796,0.0008844561919734891,117,0.1137939808715103,global_seeded_cross_subject_permutation_v1,1872,complete,80,1872,0.7051255820143936,75.9063720703125,0.19767284393310547,0.5652047991752625,[],0.5553360749513675,13.316279411315918,11.746068000793457,9.714037895202637,0.0,context_encoder_final_norm_full_view_mean_pool,true,0.11356745904001098,0.7050526711158456,0.5554360106121748
b02-mask-light-clip-var,phase1,96,0.9996999230571941,97,25.498784908093512,97.88701732245093,0.3461008973610707,1.2440540549468842e-06,2602.91259765625,3783,4.509598856553053,0.3929358067420813,0.6978762212854165,3.8867955085558767,2496,0.5601760456577326,0.0009146220519398459,,,,,,,,,,,,,,,,,,,,,,
b02-mask-light-clip-var,phase1,97,0.999799948704796,98,53.71669111866504,46.466004290660976,0.34119935219104475,1.1085180445367066e-06,2655.61083984375,3822,4.483267042117241,0.3938354113354133,0.695730532400119,3.864230065009533,2496,0.5618795406741973,0.0008757773698912038,117,0.11395864195039129,global_seeded_cross_subject_permutation_v1,1872,complete,80,1872,0.7049153156769581,76.00144958496094,0.19792044162750244,0.5649290680885315,[],0.5555049364383404,13.294883728027344,11.728015899658203,9.712111473083496,0.0,context_encoder_final_norm_full_view_mean_pool,true,0.11373456711880865,0.7048444147221745,0.5556026682878534
b02-mask-light-clip-var,phase1,98,0.9998999743523981,99,25.163435257039964,99.19154417923502,0.34407385572409016,1.0271369496598035e-06,2598.35009765625,3861,4.494767484756617,0.3935570359612123,0.6976036872619238,3.8729671583725858,2496,0.5603484287858009,0.0008706723579868991,,,,,,,,,,,,,,,,,,,,,,
b02-mask-light-clip-var,phase1,99,1.0,100,53.517788860946894,46.638698143625774,0.3446074105226077,1e-06,2718.41357421875,3900,4.471142602272523,0.394569896066036,0.6967245565775113,3.85582311413227,2496,0.5610241979742662,0.0008740259827157924,117,0.11357743713336113,global_seeded_cross_subject_permutation_v1,1872,complete,80,1872,0.7050332860050038,75.86993408203125,0.19757795333862305,0.5660061836242676,[],0.5554025213942568,13.313352584838867,11.758424758911133,9.802288055419922,0.0,context_encoder_final_norm_full_view_mean_pool,true,0.11335614649578929,0.7049653886817394,0.55549836003532
